Workbook

Sheet Inputs
A1: Saluz data and core inputs
A3: Input incremental triangle
B4: Dev 1 | C4: Dev 2 | D4: Dev 3 | E4: Dev 4 | F4: Dev 5 | G4: Dev 6 | H4: Dev 7 | I4: Dev 8 | J4: Dev 9 | K4: Dev 10 | L4: Premium | M4: Latest paid | N4: Maturity age
A5: Origin 1 | B5: 5946975.4 | C5: 3721236.6 | D5: 895717.29 | E5: 207760.33 | F5: 206703.99 | G5: 62124.15 | H5: 65813.42 | I5: 14849.66 | J5: 11129.53 | K5: 15813.42 | L5: 15473558 | M5: =SUM(B5:K5) -> 11148124 | N5: 10
A6: Origin 2 | B6: 6346756.1 | C6: 3246405.6 | D6: 723221.75 | E6: 151796.78 | F6: 67824.093 | G6: 36603.479 | H6: 52752.072 | I6: 11186.393 | J6: 11645.529 | L6: 14882436 | M6: =SUM(B6:J6) -> 10648192 | N6: 9
A7: Origin 3 | B7: 6269090.2 | C7: 2976223.1 | D7: 847052.7 | E7: 262768.32 | F7: 152703.1 | G7: 65444.185 | H7: 53545.242 | I7: 8924.2071 | L7: 14456039 | M7: =SUM(B7:I7) -> 10635751 | N7: 8
A8: Origin 4 | B8: 5863014.8 | C8: 2683224.3 | D8: 722531.72 | E8: 190652.73 | F8: 132975.59 | G8: 88340.429 | H8: 43328.63 | L8: 14054917 | M8: =SUM(B8:H8) -> 9724068.2 | N8: 7
A9: Origin 5 | B9: 5778885.4 | C9: 2745228.9 | D9: 653894.36 | E9: 273395.49 | F9: 230287.56 | G9: 105224.38 | L9: 14525373 | M9: =SUM(B9:G9) -> 9786916.1 | N9: 6
A10: Origin 6 | B10: 6184793.4 | C10: 2828338.5 | D10: 572764.78 | E10: 244899.43 | F10: 104956.9 | L10: 15025923 | M10: =SUM(B10:F10) -> 9935753 | N10: 5
A11: Origin 7 | B11: 5600184.4 | C11: 2893206.9 | D11: 563113.91 | E11: 225517.01 | L11: 14832965 | M11: =SUM(B11:E11) -> 9282022.2 | N11: 4
A12: Origin 8 | B12: 5288065.6 | C12: 2440103.2 | D12: 528042.56 | L12: 14550359 | M12: =SUM(B12:D12) -> 8256211.4 | N12: 3
A13: Origin 9 | B13: 5290792.9 | C13: 2357936 | L13: 14461781 | M13: =SUM(B13:C13) -> 7648728.9 | N13: 2
A14: Origin 10 | B14: 5675568.1 | L14: 15210363 | M14: =SUM(B14) -> 5675568.1 | N14: 1
A18: Cumulative triangle
B19: Age 1 | C19: Age 2 | D19: Age 3 | E19: Age 4 | F19: Age 5 | G19: Age 6 | H19: Age 7 | I19: Age 8 | J19: Age 9 | K19: Age 10
A20: Origin 1 | B20: =IF(B5="","",B5) -> 5946975.4 | C20: =IF(C5="","",B20+C5) -> 9668212 | D20: =IF(D5="","",C20+D5) -> 10563929 | E20: =IF(E5="","",D20+E5) -> 10771690 | F20: =IF(F5="","",E20+F5) -> 10978394 | G20: =IF(G5="","",F20+G5) -> 11040518 | H20: =IF(H5="","",G20+H5) -> 11106331 | I20: =IF(I5="","",H20+I5) -> 11121181 | J20: =IF(J5="","",I20+J5) -> 11132310 | K20: =IF(K5="","",J20+K5) -> 11148124
A21: Origin 2 | B21: =IF(B6="","",B6) -> 6346756.1 | C21: =IF(C6="","",B21+C6) -> 9593161.7 | D21: =IF(D6="","",C21+D6) -> 10316383 | E21: =IF(E6="","",D21+E6) -> 10468180 | F21: =IF(F6="","",E21+F6) -> 10536004 | G21: =IF(G6="","",F21+G6) -> 10572608 | H21: =IF(H6="","",G21+H6) -> 10625360 | I21: =IF(I6="","",H21+I6) -> 10636546 | J21: =IF(J6="","",I21+J6) -> 10648192
A22: Origin 3 | B22: =IF(B7="","",B7) -> 6269090.2 | C22: =IF(C7="","",B22+C7) -> 9245313.3 | D22: =IF(D7="","",C22+D7) -> 10092366 | E22: =IF(E7="","",D22+E7) -> 10355134 | F22: =IF(F7="","",E22+F7) -> 10507837 | G22: =IF(G7="","",F22+G7) -> 10573282 | H22: =IF(H7="","",G22+H7) -> 10626827 | I22: =IF(I7="","",H22+I7) -> 10635751
A23: Origin 4 | B23: =IF(B8="","",B8) -> 5863014.8 | C23: =IF(C8="","",B23+C8) -> 8546239.1 | D23: =IF(D8="","",C23+D8) -> 9268770.8 | E23: =IF(E8="","",D23+E8) -> 9459423.6 | F23: =IF(F8="","",E23+F8) -> 9592399.2 | G23: =IF(G8="","",F23+G8) -> 9680739.6 | H23: =IF(H8="","",G23+H8) -> 9724068.2
A24: Origin 5 | B24: =IF(B9="","",B9) -> 5778885.4 | C24: =IF(C9="","",B24+C9) -> 8524114.3 | D24: =IF(D9="","",C24+D9) -> 9178008.6 | E24: =IF(E9="","",D24+E9) -> 9451404.1 | F24: =IF(F9="","",E24+F9) -> 9681691.7 | G24: =IF(G9="","",F24+G9) -> 9786916.1
A25: Origin 6 | B25: =IF(B10="","",B10) -> 6184793.4 | C25: =IF(C10="","",B25+C10) -> 9013131.9 | D25: =IF(D10="","",C25+D10) -> 9585896.7 | E25: =IF(E10="","",D25+E10) -> 9830796.1 | F25: =IF(F10="","",E25+F10) -> 9935753
A26: Origin 7 | B26: =IF(B11="","",B11) -> 5600184.4 | C26: =IF(C11="","",B26+C11) -> 8493391.3 | D26: =IF(D11="","",C26+D11) -> 9056505.2 | E26: =IF(E11="","",D26+E11) -> 9282022.2
A27: Origin 8 | B27: =IF(B12="","",B12) -> 5288065.6 | C27: =IF(C12="","",B27+C12) -> 7728168.8 | D27: =IF(D12="","",C27+D12) -> 8256211.4
A28: Origin 9 | B28: =IF(B13="","",B13) -> 5290792.9 | C28: =IF(C13="","",B28+C13) -> 7648728.9
A29: Origin 10 | B29: =IF(B14="","",B14) -> 5675568.1
C30: =SUM(C20:C28)/SUM(B20:B28) -> 1.4925359 | D30: =SUM(D20:D27)/SUM(C20:C27) -> 1.0777603 | E30: =SUM(E20:E26)/SUM(D20:D26) -> 1.0228732 | F30: =SUM(F20:F25)/SUM(E20:E25) -> 1.0148409 | G30: =SUM(G20:G24)/SUM(F20:F24) -> 1.0069739 | H30: =SUM(H20:H23)/SUM(G20:G23) -> 1.0051458 | I30: =SUM(I20:I22)/SUM(H20:H22) -> 1.0010804 | J30: =SUM(J20:J21)/SUM(I20:I21) -> 1.0010468 | K30: =SUM(K20)/SUM(J20) -> 1.0014205
A32: Observed column totals and exposure sums
A33: Dev age | B33: 1 | C33: 2 | D33: 3 | E33: 4 | F33: 5 | G33: 6 | H33: 7 | I33: 8 | J33: 9 | K33: 10
A34: C_j | B34: =SUM(B5:B14) -> 58244126 | C34: =SUM(C5:C14) -> 25891903 | D34: =SUM(D5:D14) -> 5506339.1 | E34: =SUM(E5:E14) -> 1556790.1 | F34: =SUM(F5:F14) -> 895451.23 | G34: =SUM(G5:G14) -> 357736.62 | H34: =SUM(H5:H14) -> 215439.36 | I34: =SUM(I5:I14) -> 34960.26 | ... K34: =SUM(K5:K14) -> 15813.42
A35: E_{n-j+1} | B35: =SUM($L$5:$L$14) -> 1.4747372e+08 | C35: =SUM($L$5:$L$13) -> 1.3226335e+08 | D35: =SUM($L$5:$L$12) -> 1.1780157e+08 | E35: =SUM($L$5:$L$11) -> 1.0325121e+08 | F35: =SUM($L$5:$L$10) -> 88418247 | G35: =SUM($L$5:$L$9) -> 73392324 | H35: =SUM($L$5:$L$8) -> 58866951 | I35: =SUM($L$5:$L$7) -> 44812034 | J35: =SUM($L$5:$L$6) -> 30355994 | K35: =SUM($L$5) -> 15473558
A37: Scale parameter estimation and scaled claims
A39: Observed cells N | B39: =COUNT(B5:K14) -> 55 | D39: CC ODP phi (Saluz default) | E39: =SUM(B116:K125)/B41 -> 21610.842
A40: CC ODP parameters (J+1) | B40: =COUNT(B34:K34) -> 10 | D40: CL ODP phi | E40: =SUM(B89:K98)/(B39-(2*COUNT(L5:L14)-1)) -> 14714.098
A41: CC degrees of freedom | B41: =B39-B40 -> 45 | D41: Note | E41: Leave B43 blank to use CC phi by default.
A42: Selected phi | B42: =IF(B43="",E39,B43) -> 21610.842
A43: Optional manual phi override
A44: Chain Ladder fitted incremental means (for CL phi) | B44: Dev 1 | C44: Dev 2 | D44: Dev 3 | E44: Dev 4 | F44: Dev 5 | G44: Dev 6 | H44: Dev 7 | I44: Dev 8 | J44: Dev 9 | K44: Dev 10
A45: Origin 1 | B45: =Methods!$F$19*Methods!$D$5 -> 6572763.3 | C45: =Methods!$F$19*(Methods!$D$6-Methods!$D$5) -> 3237322 | D45: =Methods!$F$19*(Methods!$D$7-Methods!$D$6) -> 762834.83 | E45: =Methods!$F$19*(Methods!$D$8-Methods!$D$7) -> 241836.13 | F45: =Methods!$F$19*(Methods!$D$9-Methods!$D$8) -> 160500.96 | G45: =Methods!$F$19*(Methods!$D$10-Methods!$D$9) -> 76540.597 | H45: =Methods!$F$19*(Methods!$D$11-Methods!$D$10) -> 56870.183 | I45: =Methods!$F$19*(Methods!$D$12-Methods!$D$11) -> 12001.845 | J45: =Methods!$F$19*(Methods!$D$13-Methods!$D$12) -> 11640.642 | K45: =Methods!$F$19*(Methods!$D$14-Methods!$D$13) -> 15813.42
A46: Origin 2 | B46: =Methods!$F$20*Methods!$D$5 -> 6286928.9 | C46: =Methods!$F$20*(Methods!$D$6-Methods!$D$5) -> 3096538.3 | D46: =Methods!$F$20*(Methods!$D$7-Methods!$D$6) -> 729660.89 | E46: =Methods!$F$20*(Methods!$D$8-Methods!$D$7) -> 231319.23 | F46: =Methods!$F$20*(Methods!$D$9-Methods!$D$8) -> 153521.14 | G46: =Methods!$F$20*(Methods!$D$10-Methods!$D$9) -> 73212.022 | H46: =Methods!$F$20*(Methods!$D$11-Methods!$D$10) -> 54397.029 | I46: =Methods!$F$20*(Methods!$D$12-Methods!$D$11) -> 11479.912 | J46: =Methods!$F$20*(Methods!$D$13-Methods!$D$12) -> 11134.417
A47: Origin 3 | B47: =Methods!$F$21*Methods!$D$5 -> 6286156.8 | C47: =Methods!$F$21*(Methods!$D$6-Methods!$D$5) -> 3096158 | D47: =Methods!$F$21*(Methods!$D$7-Methods!$D$6) -> 729571.28 | E47: =Methods!$F$21*(Methods!$D$8-Methods!$D$7) -> 231290.83 | F47: =Methods!$F$21*(Methods!$D$9-Methods!$D$8) -> 153502.29 | G47: =Methods!$F$21*(Methods!$D$10-Methods!$D$9) -> 73203.031 | H47: =Methods!$F$21*(Methods!$D$11-Methods!$D$10) -> 54390.348 | I47: =Methods!$F$21*(Methods!$D$12-Methods!$D$11) -> 11478.502
A48: Origin 4 | B48: =Methods!$F$22*Methods!$D$5 -> 5753525 | C48: =Methods!$F$22*(Methods!$D$6-Methods!$D$5) -> 2833817.7 | D48: =Methods!$F$22*(Methods!$D$7-Methods!$D$6) -> 667754.04 | E48: =Methods!$F$22*(Methods!$D$8-Methods!$D$7) -> 211693.34 | F48: =Methods!$F$22*(Methods!$D$9-Methods!$D$8) -> 140495.9 | G48: =Methods!$F$22*(Methods!$D$10-Methods!$D$9) -> 67000.471 | H48: =Methods!$F$22*(Methods!$D$11-Methods!$D$10) -> 49781.805
A49: Origin 5 | B49: =Methods!$F$23*Methods!$D$5 -> 5820508.5 | C49: =Methods!$F$23*(Methods!$D$6-Methods!$D$5) -> 2866809.5 | D49: =Methods!$F$23*(Methods!$D$7-Methods!$D$6) -> 675528.14 | E49: =Methods!$F$23*(Methods!$D$8-Methods!$D$7) -> 214157.91 | F49: =Methods!$F$23*(Methods!$D$9-Methods!$D$8) -> 142131.58 | G49: =Methods!$F$23*(Methods!$D$10-Methods!$D$9) -> 67780.502
A50: Origin 6 | B50: =Methods!$F$24*Methods!$D$5 -> 5950234.4 | C50: =Methods!$F$24*(Methods!$D$6-Methods!$D$5) -> 2930704.1 | D50: =Methods!$F$24*(Methods!$D$7-Methods!$D$6) -> 690584.13 | E50: =Methods!$F$24*(Methods!$D$8-Methods!$D$7) -> 218931 | F50: =Methods!$F$24*(Methods!$D$9-Methods!$D$8) -> 145299.36
A51: Origin 7 | B51: =Methods!$F$25*Methods!$D$5 -> 5641230.7 | C51: =Methods!$F$25*(Methods!$D$6-Methods!$D$5) -> 2778508.7 | D51: =Methods!$F$25*(Methods!$D$7-Methods!$D$6) -> 654721.17 | E51: =Methods!$F$25*(Methods!$D$8-Methods!$D$7) -> 207561.62
A52: Origin 8 | B52: =Methods!$F$26*Methods!$D$5 -> 5132557.7 | C52: =Methods!$F$26*(Methods!$D$6-Methods!$D$5) -> 2527969 | D52: =Methods!$F$26*(Methods!$D$7-Methods!$D$6) -> 595684.59
A53: Origin 9 | B53: =Methods!$F$27*Methods!$D$5 -> 5124653.2 | C53: =Methods!$F$27*(Methods!$D$6-Methods!$D$5) -> 2524075.7
A54: Origin 10 | B54: =Methods!$F$28*Methods!$D$5 -> 5675568.1
A57: Scaled incremental triangle x_ij = X_ij / phi | B57: Dev 1 | C57: Dev 2 | D57: Dev 3 | E57: Dev 4 | F57: Dev 5 | G57: Dev 6 | H57: Dev 7 | I57: Dev 8 | J57: Dev 9 | K57: Dev 10 | L57: Scaled latest paid d_i | M57: Scaled premiums e_i = premium / phi
A58: Origin 1 | B58: =IF(B5="","",B5/$B$42) -> 275.18481 | C58: =IF(C5="","",C5/$B$42) -> 172.19304 | D58: =IF(D5="","",D5/$B$42) -> 41.447589 | E58: =IF(E5="","",E5/$B$42) -> 9.6137084 | F58: =IF(F5="","",F5/$B$42) -> 9.5648283 | G58: =IF(G5="","",G5/$B$42) -> 2.8746752 | H58: =IF(H5="","",H5/$B$42) -> 3.045389 | I58: =IF(I5="","",I5/$B$42) -> 0.68713936 | ... K58: =IF(K5="","",K5/$B$42) -> 0.7317355 | L58: =M5/$B$42 -> 515.85792 | M58: =L5/$B$42 -> 716.00906
A59: Origin 2 | B59: =IF(B6="","",B6/$B$42) -> 293.68389 | C59: =IF(C6="","",C6/$B$42) -> 150.22115 | D59: =IF(D6="","",D6/$B$42) -> 33.465691 | E59: =IF(E6="","",E6/$B$42) -> 7.0241031 | F59: =IF(F6="","",F6/$B$42) -> 3.138429 | G59: =IF(G6="","",G6/$B$42) -> 1.6937554 | H59: =IF(H6="","",H6/$B$42) -> 2.4410004 | I59: =IF(I6="","",I6/$B$42) -> 0.51762874 | ... K59: =IF(K6="","",K6/$B$42) | L59: =M6/$B$42 -> 492.72453 | M59: =L6/$B$42 -> 688.65601
A60: Origin 3 | B60: =IF(B7="","",B7/$B$42) -> 290.09005 | C60: =IF(C7="","",C7/$B$42) -> 137.71898 | D60: =IF(D7="","",D7/$B$42) -> 39.195729 | E60: =IF(E7="","",E7/$B$42) -> 12.159097 | F60: =IF(F7="","",F7/$B$42) -> 7.0660413 | G60: =IF(G7="","",G7/$B$42) -> 3.0283034 | H60: =IF(H7="","",H7/$B$42) -> 2.4777028 | I60: =IF(I7="","",I7/$B$42) -> 0.41295046 | ... K60: =IF(K7="","",K7/$B$42) | L60: =M7/$B$42 -> 492.14886 | M60: =L7/$B$42 -> 668.92533
A61: Origin 4 | B61: =IF(B8="","",B8/$B$42) -> 271.2997 | C61: =IF(C8="","",C8/$B$42) -> 124.16103 | D61: =IF(D8="","",D8/$B$42) -> 33.433761 | E61: =IF(E8="","",E8/$B$42) -> 8.822087 | F61: =IF(F8="","",F8/$B$42) -> 6.153189 | G61: =IF(G8="","",G8/$B$42) -> 4.0877829 | H61: =IF(H8="","",H8/$B$42) -> 2.0049487 | I61: =IF(I8="","",I8/$B$42) | ... K61: =IF(K8="","",K8/$B$42) | L61: =M8/$B$42 -> 449.96249 | M61: =L8/$B$42 -> 650.36418
A62: Origin 5 | B62: =IF(B9="","",B9/$B$42) -> 267.40677 | C62: =IF(C9="","",C9/$B$42) -> 127.03017 | D62: =IF(D9="","",D9/$B$42) -> 30.2577 | E62: =IF(E9="","",E9/$B$42) -> 12.650849 | F62: =IF(F9="","",F9/$B$42) -> 10.656112 | G62: =IF(G9="","",G9/$B$42) -> 4.8690552 | H62: =IF(H9="","",H9/$B$42) | I62: =IF(I9="","",I9/$B$42) | ... K62: =IF(K9="","",K9/$B$42) | L62: =M9/$B$42 -> 452.87066 | M62: =L9/$B$42 -> 672.13359
A63: Origin 6 | B63: =IF(B10="","",B10/$B$42) -> 286.18938 | C63: =IF(C10="","",C10/$B$42) -> 130.87591 | D63: =IF(D10="","",D10/$B$42) -> 26.503585 | E63: =IF(E10="","",E10/$B$42) -> 11.332248 | F63: =IF(F10="","",F10/$B$42) -> 4.8566779 | G63: =IF(G10="","",G10/$B$42) | H63: =IF(H10="","",H10/$B$42) | I63: =IF(I10="","",I10/$B$42) | ... K63: =IF(K10="","",K10/$B$42) | L63: =M10/$B$42 -> 459.7578 | M63: =L10/$B$42 -> 695.29562
A64: Origin 7 | B64: =IF(B11="","",B11/$B$42) -> 259.13773 | C64: =IF(C11="","",C11/$B$42) -> 133.87757 | D64: =IF(D11="","",D11/$B$42) -> 26.05701 | E64: =IF(E11="","",E11/$B$42) -> 10.435364 | F64: =IF(F11="","",F11/$B$42) | G64: =IF(G11="","",G11/$B$42) | H64: =IF(H11="","",H11/$B$42) | I64: =IF(I11="","",I11/$B$42) | ... K64: =IF(K11="","",K11/$B$42) | L64: =M11/$B$42 -> 429.50767 | M64: =L11/$B$42 -> 686.36685
A65: Origin 8 | B65: =IF(B12="","",B12/$B$42) -> 244.69503 | C65: =IF(C12="","",C12/$B$42) -> 112.91107 | D65: =IF(D12="","",D12/$B$42) -> 24.434151 | E65: =IF(E12="","",E12/$B$42) | F65: =IF(F12="","",F12/$B$42) | G65: =IF(G12="","",G12/$B$42) | H65: =IF(H12="","",H12/$B$42) | I65: =IF(I12="","",I12/$B$42) | ... K65: =IF(K12="","",K12/$B$42) | L65: =M12/$B$42 -> 382.04025 | M65: =L12/$B$42 -> 673.28979
A66: Origin 9 | B66: =IF(B13="","",B13/$B$42) -> 244.82124 | C66: =IF(C13="","",C13/$B$42) -> 109.10894 | D66: =IF(D13="","",D13/$B$42) | E66: =IF(E13="","",E13/$B$42) | F66: =IF(F13="","",F13/$B$42) | G66: =IF(G13="","",G13/$B$42) | H66: =IF(H13="","",H13/$B$42) | I66: =IF(I13="","",I13/$B$42) | ... K66: =IF(K13="","",K13/$B$42) | L66: =M13/$B$42 -> 353.93017 | M66: =L13/$B$42 -> 669.19102
A67: Origin 10 | B67: =IF(B14="","",B14/$B$42) -> 262.62596 | C67: =IF(C14="","",C14/$B$42) | D67: =IF(D14="","",D14/$B$42) | E67: =IF(E14="","",E14/$B$42) | F67: =IF(F14="","",F14/$B$42) | G67: =IF(G14="","",G14/$B$42) | H67: =IF(H14="","",H14/$B$42) | I67: =IF(I14="","",I14/$B$42) | ... K67: =IF(K14="","",K14/$B$42) | L67: =M14/$B$42 -> 262.62596 | M67: =L14/$B$42 -> 703.83019
A70: Scaled cumulative triangle d_{i,m} | B70: Age 1 | C70: Age 2 | D70: Age 3 | E70: Age 4 | F70: Age 5 | G70: Age 6 | H70: Age 7 | I70: Age 8 | J70: Age 9 | K70: Age 10
A71: Origin 1 | B71: =IF(B58="","",B58) -> 275.18481 | C71: =IF(C58="","",B71+C58) -> 447.37786 | D71: =IF(D58="","",C71+D58) -> 488.82545 | E71: =IF(E58="","",D71+E58) -> 498.43916 | F71: =IF(F58="","",E71+F58) -> 508.00398 | G71: =IF(G58="","",F71+G58) -> 510.87866 | H71: =IF(H58="","",G71+H58) -> 513.92405 | I71: =IF(I58="","",H71+I58) -> 514.61119 | J71: =IF(J58="","",I71+J58) -> 515.12618 | K71: =IF(K58="","",J71+K58) -> 515.85792
A72: Origin 2 | B72: =IF(B59="","",B59) -> 293.68389 | C72: =IF(C59="","",B72+C59) -> 443.90505 | D72: =IF(D59="","",C72+D59) -> 477.37074 | E72: =IF(E59="","",D72+E59) -> 484.39484 | F72: =IF(F59="","",E72+F59) -> 487.53327 | G72: =IF(G59="","",F72+G59) -> 489.22703 | H72: =IF(H59="","",G72+H59) -> 491.66803 | I72: =IF(I59="","",H72+I59) -> 492.18566 | J72: =IF(J59="","",I72+J59) -> 492.72453 | K72: =IF(K59="","",J72+K59)
A73: Origin 3 | B73: =IF(B60="","",B60) -> 290.09005 | C73: =IF(C60="","",B73+C60) -> 427.80903 | D73: =IF(D60="","",C73+D60) -> 467.00476 | E73: =IF(E60="","",D73+E60) -> 479.16386 | F73: =IF(F60="","",E73+F60) -> 486.2299 | G73: =IF(G60="","",F73+G60) -> 489.2582 | H73: =IF(H60="","",G73+H60) -> 491.73591 | I73: =IF(I60="","",H73+I60) -> 492.14886 | J73: =IF(J60="","",I73+J60) | K73: =IF(K60="","",J73+K60)
A74: Origin 4 | B74: =IF(B61="","",B61) -> 271.2997 | C74: =IF(C61="","",B74+C61) -> 395.46073 | D74: =IF(D61="","",C74+D61) -> 428.89449 | E74: =IF(E61="","",D74+E61) -> 437.71657 | F74: =IF(F61="","",E74+F61) -> 443.86976 | G74: =IF(G61="","",F74+G61) -> 447.95755 | H74: =IF(H61="","",G74+H61) -> 449.96249 | I74: =IF(I61="","",H74+I61) | J74: =IF(J61="","",I74+J61) | K74: =IF(K61="","",J74+K61)
A75: Origin 5 | B75: =IF(B62="","",B62) -> 267.40677 | C75: =IF(C62="","",B75+C62) -> 394.43694 | D75: =IF(D62="","",C75+D62) -> 424.69464 | E75: =IF(E62="","",D75+E62) -> 437.34549 | F75: =IF(F62="","",E75+F62) -> 448.0016 | G75: =IF(G62="","",F75+G62) -> 452.87066 | H75: =IF(H62="","",G75+H62) | I75: =IF(I62="","",H75+I62) | J75: =IF(J62="","",I75+J62) | K75: =IF(K62="","",J75+K62)
A76: Origin 6 | B76: =IF(B63="","",B63) -> 286.18938 | C76: =IF(C63="","",B76+C63) -> 417.06529 | D76: =IF(D63="","",C76+D63) -> 443.56887 | E76: =IF(E63="","",D76+E63) -> 454.90112 | F76: =IF(F63="","",E76+F63) -> 459.7578 | G76: =IF(G63="","",F76+G63) | H76: =IF(H63="","",G76+H63) | I76: =IF(I63="","",H76+I63) | J76: =IF(J63="","",I76+J63) | K76: =IF(K63="","",J76+K63)
A77: Origin 7 | B77: =IF(B64="","",B64) -> 259.13773 | C77: =IF(C64="","",B77+C64) -> 393.01529 | D77: =IF(D64="","",C77+D64) -> 419.0723 | E77: =IF(E64="","",D77+E64) -> 429.50767 | F77: =IF(F64="","",E77+F64) | G77: =IF(G64="","",F77+G64) | H77: =IF(H64="","",G77+H64) | I77: =IF(I64="","",H77+I64) | J77: =IF(J64="","",I77+J64) | K77: =IF(K64="","",J77+K64)
A78: Origin 8 | B78: =IF(B65="","",B65) -> 244.69503 | C78: =IF(C65="","",B78+C65) -> 357.6061 | D78: =IF(D65="","",C78+D65) -> 382.04025 | E78: =IF(E65="","",D78+E65) | F78: =IF(F65="","",E78+F65) | G78: =IF(G65="","",F78+G65) | H78: =IF(H65="","",G78+H65) | I78: =IF(I65="","",H78+I65) | J78: =IF(J65="","",I78+J65) | K78: =IF(K65="","",J78+K65)
A79: Origin 9 | B79: =IF(B66="","",B66) -> 244.82124 | C79: =IF(C66="","",B79+C66) -> 353.93017 | D79: =IF(D66="","",C79+D66) | E79: =IF(E66="","",D79+E66) | F79: =IF(F66="","",E79+F66) | G79: =IF(G66="","",F79+G66) | H79: =IF(H66="","",G79+H66) | I79: =IF(I66="","",H79+I66) | J79: =IF(J66="","",I79+J66) | K79: =IF(K66="","",J79+K66)
A80: Origin 10 | B80: =IF(B67="","",B67) -> 262.62596 | C80: =IF(C67="","",B80+C67) | D80: =IF(D67="","",C80+D67) | E80: =IF(E67="","",D80+E67) | F80: =IF(F67="","",E80+F67) | G80: =IF(G67="","",F80+G67) | H80: =IF(H67="","",G80+H67) | I80: =IF(I67="","",H80+I67) | J80: =IF(J67="","",I80+J67) | K80: =IF(K67="","",J80+K67)
A83: Scaled column totals and exposure sums | L83: Scaled premiums e_i = premium / phi
A84: Dev age | B84: 1 | C84: 2 | D84: 3 | E84: 4 | F84: 5 | G84: 6 | H84: 7 | I84: 8 | J84: 9 | K84: 10
A85: c_j | B85: =SUM(B58:B67) -> 2695.1346 | C85: =SUM(C58:C67) -> 1198.0979 | D85: =SUM(D58:D67) -> 254.79522 | E85: =SUM(E58:E67) -> 72.037457 | F85: =SUM(F58:F67) -> 41.435278 | G85: =SUM(G58:G67) -> 16.553572 | H85: =SUM(H58:H67) -> 9.9690409 | I85: =SUM(I58:I67) -> 1.6177186 | ... K85: =SUM(K58:K67) -> 0.7317355
A86: E_{n-j+1} | B86: =SUM($M$58:$M$67) -> 6824.0617 | C86: =SUM($M$58:$M$66) -> 6120.2315 | D86: =SUM($M$58:$M$65) -> 5451.0404 | E86: =SUM($M$58:$M$64) -> 4777.7506 | F86: =SUM($M$58:$M$63) -> 4091.3838 | G86: =SUM($M$58:$M$62) -> 3396.0882 | H86: =SUM($M$58:$M$61) -> 2723.9546 | I86: =SUM($M$58:$M$60) -> 2073.5904 | J86: =SUM($M$58:$M$59) -> 1404.6651 | K86: =SUM($M$58) -> 716.00906
A88: CL Pearson residual contributions | B88: Dev 1 | C88: Dev 2 | D88: Dev 3 | E88: Dev 4 | F88: Dev 5 | G88: Dev 6 | H88: Dev 7 | I88: Dev 8 | J88: Dev 9 | K88: Dev 10
A89: Origin 1 | B89: =IF(OR(B5="",B45="",B45=0),0,(B5-B45)^2/B45) -> 59580.782 | C89: =IF(OR(C5="",C45="",C45=0),0,(C5-C45)^2/C45) -> 72335.517 | D89: =IF(OR(D5="",D45="",D45=0),0,(D5-D45)^2/D45) -> 23147.54 | E89: =IF(OR(E5="",E45="",E45=0),0,(E5-E45)^2/E45) -> 4801.4344 | F89: =IF(OR(F5="",F45="",F45=0),0,(F5-F45)^2/F45) -> 13300.356 | G89: =IF(OR(G5="",G45="",G45=0),0,(G5-G45)^2/G45) -> 2715.3426 | H89: =IF(OR(H5="",H45="",H45=0),0,(H5-H45)^2/H45) -> 1406.3872 | I89: =IF(OR(I5="",I45="",I45=0),0,(I5-I45)^2/I45) -> 675.73362 | ... K89: =IF(OR(K5="",K45="",K45=0),0,(K5-K45)^2/K45) -> 9.2272677e-26
A90: Origin 2 | B90: =IF(OR(B6="",B46="",B46=0),0,(B6-B46)^2/B46) -> 569.32385 | C90: =IF(OR(C6="",C46="",C46=0),0,(C6-C46)^2/C46) -> 7253.3298 | D90: =IF(OR(D6="",D46="",D46=0),0,(D6-D46)^2/D46) -> 56.824476 | E90: =IF(OR(E6="",E46="",E46=0),0,(E6-E46)^2/E46) -> 27338.068 | F90: =IF(OR(F6="",F46="",F46=0),0,(F6-F46)^2/F46) -> 47836.957 | G90: =IF(OR(G6="",G46="",G46=0),0,(G6-G46)^2/G46) -> 18305.538 | H90: =IF(OR(H6="",H46="",H46=0),0,(H6-H46)^2/H46) -> 49.743207 | I90: =IF(OR(I6="",I46="",I46=0),0,(I6-I46)^2/I46) -> 7.5047399 | ... K90: =IF(OR(K6="",K46="",K46=0),0,(K6-K46)^2/K46) -> 0
A91: Origin 3 | B91: =IF(OR(B7="",B47="",B47=0),0,(B7-B47)^2/B47) -> 46.334737 | C91: =IF(OR(C7="",C47="",C47=0),0,(C7-C47)^2/C47) -> 4645.8818 | D91: =IF(OR(D7="",D47="",D47=0),0,(D7-D47)^2/D47) -> 18917.799 | E91: =IF(OR(E7="",E47="",E47=0),0,(E7-E47)^2/E47) -> 4283.9253 | F91: =IF(OR(F7="",F47="",F47=0),0,(F7-F47)^2/F47) -> 4.1608672 | G91: =IF(OR(G7="",G47="",G47=0),0,(G7-G47)^2/G47) -> 822.36602 | H91: =IF(OR(H7="",H47="",H47=0),0,(H7-H47)^2/H47) -> 13.131079 | I91: =IF(OR(I7="",I47="",I47=0),0,(I7-I47)^2/I47) -> 568.40384 | ... K91: =IF(OR(K7="",K47="",K47=0),0,(K7-K47)^2/K47) -> 0
A92: Origin 4 | B92: =IF(OR(B8="",B48="",B48=0),0,(B8-B48)^2/B48) -> 2083.5966 | C92: =IF(OR(C8="",C48="",C48=0),0,(C8-C48)^2/C48) -> 8002.7615 | D92: =IF(OR(D8="",D48="",D48=0),0,(D8-D48)^2/D48) -> 4493.5625 | E92: =IF(OR(E8="",E48="",E48=0),0,(E8-E48)^2/E48) -> 2091.2684 | F92: =IF(OR(F8="",F48="",F48=0),0,(F8-F48)^2/F48) -> 402.53836 | G92: =IF(OR(G8="",G48="",G48=0),0,(G8-G48)^2/G48) -> 6796.8747 | H92: =IF(OR(H8="",H48="",H48=0),0,(H8-H48)^2/H48) -> 836.51979 | I92: =IF(OR(I8="",I48="",I48=0),0,(I8-I48)^2/I48) -> 0 | ... K92: =IF(OR(K8="",K48="",K48=0),0,(K8-K48)^2/K48) -> 0
A93: Origin 5 | B93: =IF(OR(B9="",B49="",B49=0),0,(B9-B49)^2/B49) -> 297.65139 | C93: =IF(OR(C9="",C49="",C49=0),0,(C9-C49)^2/C49) -> 5156.1957 | D93: =IF(OR(D9="",D49="",D49=0),0,(D9-D49)^2/D49) -> 692.82166 | E93: =IF(OR(E9="",E49="",E49=0),0,(E9-E49)^2/E49) -> 16385.527 | F93: =IF(OR(F9="",F49="",F49=0),0,(F9-F49)^2/F49) -> 54678.047 | G93: =IF(OR(G9="",G49="",G49=0),0,(G9-G49)^2/G49) -> 20685.064 | H93: =IF(OR(H9="",H49="",H49=0),0,(H9-H49)^2/H49) -> 0 | I93: =IF(OR(I9="",I49="",I49=0),0,(I9-I49)^2/I49) -> 0 | ... K93: =IF(OR(K9="",K49="",K49=0),0,(K9-K49)^2/K49) -> 0
A94: Origin 6 | B94: =IF(OR(B10="",B50="",B50=0),0,(B10-B50)^2/B50) -> 9246.3492 | C94: =IF(OR(C10="",C50="",C50=0),0,(C10-C50)^2/C50) -> 3575.4978 | D94: =IF(OR(D10="",D50="",D50=0),0,(D10-D50)^2/D50) -> 20100.953 | E94: =IF(OR(E10="",E50="",E50=0),0,(E10-E50)^2/E50) -> 3080.2348 | F94: =IF(OR(F10="",F50="",F50=0),0,(F10-F50)^2/F50) -> 11201.114 | G94: =IF(OR(G10="",G50="",G50=0),0,(G10-G50)^2/G50) -> 0 | H94: =IF(OR(H10="",H50="",H50=0),0,(H10-H50)^2/H50) -> 0 | I94: =IF(OR(I10="",I50="",I50=0),0,(I10-I50)^2/I50) -> 0 | ... K94: =IF(OR(K10="",K50="",K50=0),0,(K10-K50)^2/K50) -> 0
A95: Origin 7 | B95: =IF(OR(B11="",B51="",B51=0),0,(B11-B51)^2/B51) -> 298.65809 | C95: =IF(OR(C11="",C51="",C51=0),0,(C11-C51)^2/C51) -> 4734.7959 | D95: =IF(OR(D11="",D51="",D51=0),0,(D11-D51)^2/D51) -> 12817.502 | E95: =IF(OR(E11="",E51="",E51=0),0,(E11-E51)^2/E51) -> 1553.2538 | F95: =IF(OR(F11="",F51="",F51=0),0,(F11-F51)^2/F51) -> 0 | G95: =IF(OR(G11="",G51="",G51=0),0,(G11-G51)^2/G51) -> 0 | H95: =IF(OR(H11="",H51="",H51=0),0,(H11-H51)^2/H51) -> 0 | I95: =IF(OR(I11="",I51="",I51=0),0,(I11-I51)^2/I51) -> 0 | ... K95: =IF(OR(K11="",K51="",K51=0),0,(K11-K51)^2/K51) -> 0
A96: Origin 8 | B96: =IF(OR(B12="",B52="",B52=0),0,(B12-B52)^2/B52) -> 4711.6272 | C96: =IF(OR(C12="",C52="",C52=0),0,(C12-C52)^2/C52) -> 3053.9956 | D96: =IF(OR(D12="",D52="",D52=0),0,(D12-D52)^2/D52) -> 7680.9848 | E96: =IF(OR(E12="",E52="",E52=0),0,(E12-E52)^2/E52) -> 0 | F96: =IF(OR(F12="",F52="",F52=0),0,(F12-F52)^2/F52) -> 0 | G96: =IF(OR(G12="",G52="",G52=0),0,(G12-G52)^2/G52) -> 0 | H96: =IF(OR(H12="",H52="",H52=0),0,(H12-H52)^2/H52) -> 0 | I96: =IF(OR(I12="",I52="",I52=0),0,(I12-I52)^2/I52) -> 0 | ... K96: =IF(OR(K12="",K52="",K52=0),0,(K12-K52)^2/K52) -> 0
A97: Origin 9 | B97: =IF(OR(B13="",B53="",B53=0),0,(B13-B53)^2/B53) -> 5386.2034 | C97: =IF(OR(C13="",C53="",C53=0),0,(C13-C53)^2/C53) -> 10935.656 | D97: =IF(OR(D13="",D53="",D53=0),0,(D13-D53)^2/D53) -> 0 | E97: =IF(OR(E13="",E53="",E53=0),0,(E13-E53)^2/E53) -> 0 | F97: =IF(OR(F13="",F53="",F53=0),0,(F13-F53)^2/F53) -> 0 | G97: =IF(OR(G13="",G53="",G53=0),0,(G13-G53)^2/G53) -> 0 | H97: =IF(OR(H13="",H53="",H53=0),0,(H13-H53)^2/H53) -> 0 | I97: =IF(OR(I13="",I53="",I53=0),0,(I13-I53)^2/I53) -> 0 | ... K97: =IF(OR(K13="",K53="",K53=0),0,(K13-K53)^2/K53) -> 0
A98: Origin 10 | B98: =IF(OR(B14="",B54="",B54=0),0,(B14-B54)^2/B54) -> 0 | C98: =IF(OR(C14="",C54="",C54=0),0,(C14-C54)^2/C54) -> 0 | D98: =IF(OR(D14="",D54="",D54=0),0,(D14-D54)^2/D54) -> 0 | E98: =IF(OR(E14="",E54="",E54=0),0,(E14-E54)^2/E54) -> 0 | F98: =IF(OR(F14="",F54="",F54=0),0,(F14-F54)^2/F54) -> 0 | G98: =IF(OR(G14="",G54="",G54=0),0,(G14-G54)^2/G54) -> 0 | H98: =IF(OR(H14="",H54="",H54=0),0,(H14-H54)^2/H54) -> 0 | I98: =IF(OR(I14="",I54="",I54=0),0,(I14-I54)^2/I54) -> 0 | ... K98: =IF(OR(K14="",K54="",K54=0),0,(K14-K54)^2/K54) -> 0
A101: Cape Cod fitted incremental means (for CC phi) | B101: Dev 1 | C101: Dev 2 | D101: Dev 3 | E101: Dev 4 | F101: Dev 5 | G101: Dev 6 | H101: Dev 7 | I101: Dev 8 | J101: Dev 9 | K101: Dev 10
A102: Origin 1 | B102: =Inputs!$L$5*Methods!$J$5 -> 6111217.1 | C102: =Inputs!$L$5*Methods!$J$6 -> 3029107.2 | D102: =Inputs!$L$5*Methods!$J$7 -> 723272.68 | E102: =Inputs!$L$5*Methods!$J$8 -> 233305.56 | F102: =Inputs!$L$5*Methods!$J$9 -> 156707.66 | G102: =Inputs!$L$5*Methods!$J$10 -> 75422.854 | H102: =Inputs!$L$5*Methods!$J$11 -> 56629.629 | I102: =Inputs!$L$5*Methods!$J$12 -> 12071.749 | J102: =Inputs!$L$5*Methods!$J$13 -> 11609.279 | K102: =Inputs!$L$5*Methods!$J$14 -> 15813.42
A103: Origin 2 | B103: =Inputs!$L$6*Methods!$J$5 -> 5877755.8 | C103: =Inputs!$L$6*Methods!$J$6 -> 2913389 | D103: =Inputs!$L$6*Methods!$J$7 -> 695642.16 | E103: =Inputs!$L$6*Methods!$J$8 -> 224392.8 | F103: =Inputs!$L$6*Methods!$J$9 -> 150721.1 | G103: =Inputs!$L$6*Methods!$J$10 -> 72541.543 | H103: =Inputs!$L$6*Methods!$J$11 -> 54466.258 | I103: =Inputs!$L$6*Methods!$J$12 -> 11610.583 | J103: =Inputs!$L$6*Methods!$J$13 -> 11165.78
A104: Origin 3 | B104: =Inputs!$L$7*Methods!$J$5 -> 5709352.2 | C104: =Inputs!$L$7*Methods!$J$6 -> 2829917.4 | D104: =Inputs!$L$7*Methods!$J$7 -> 675711.31 | E104: =Inputs!$L$7*Methods!$J$8 -> 217963.72 | F104: =Inputs!$L$7*Methods!$J$9 -> 146402.79 | G104: =Inputs!$L$7*Methods!$J$10 -> 70463.155 | H104: =Inputs!$L$7*Methods!$J$11 -> 52905.745 | I104: =Inputs!$L$7*Methods!$J$12 -> 11277.928
A105: Origin 4 | B105: =Inputs!$L$8*Methods!$J$5 -> 5550930.8 | C105: =Inputs!$L$8*Methods!$J$6 -> 2751393.7 | D105: =Inputs!$L$8*Methods!$J$7 -> 656961.87 | E105: =Inputs!$L$8*Methods!$J$8 -> 211915.73 | F105: =Inputs!$L$8*Methods!$J$9 -> 142340.45 | G105: =Inputs!$L$8*Methods!$J$10 -> 68507.964 | H105: =Inputs!$L$8*Methods!$J$11 -> 51437.732
A106: Origin 5 | B106: =Inputs!$L$9*Methods!$J$5 -> 5736735.1 | C106: =Inputs!$L$9*Methods!$J$6 -> 2843490.1 | D106: =Inputs!$L$9*Methods!$J$7 -> 678952.12 | E106: =Inputs!$L$9*Methods!$J$8 -> 219009.11 | F106: =Inputs!$L$9*Methods!$J$9 -> 147104.96 | G106: =Inputs!$L$9*Methods!$J$10 -> 70801.107
A107: Origin 6 | B107: =Inputs!$L$10*Methods!$J$5 -> 5934425.5 | C107: =Inputs!$L$10*Methods!$J$6 -> 2941478.1 | D107: =Inputs!$L$10*Methods!$J$7 -> 702349.11 | E107: =Inputs!$L$10*Methods!$J$8 -> 226556.26 | F107: =Inputs!$L$10*Methods!$J$9 -> 152174.26
A108: Origin 7 | B108: =Inputs!$L$11*Methods!$J$5 -> 5858217.5 | C108: =Inputs!$L$11*Methods!$J$6 -> 2903704.5 | D108: =Inputs!$L$11*Methods!$J$7 -> 693329.76 | E108: =Inputs!$L$11*Methods!$J$8 -> 223646.9
A109: Origin 8 | B109: =Inputs!$L$12*Methods!$J$5 -> 5746603.4 | C109: =Inputs!$L$12*Methods!$J$6 -> 2848381.5 | D109: =Inputs!$L$12*Methods!$J$7 -> 680120.05
A110: Origin 9 | B110: =Inputs!$L$13*Methods!$J$5 -> 5711620 | C110: =Inputs!$L$13*Methods!$J$6 -> 2831041.5
A111: Origin 10 | B111: =Inputs!$L$14*Methods!$J$5 -> 6007269.1
A114: CC Pearson residual contributions | B114: Dev 1 | C114: Dev 2 | D114: Dev 3 | E114: Dev 4 | F114: Dev 5 | G114: Dev 6 | H114: Dev 7 | I114: Dev 8 | J114: Dev 9 | K114: Dev 10
A116: Origin 1 | B116: =IF(OR(B5="",B102="",B102=0),0,(B5-B102)^2/B102) -> 4414.0652 | C116: =IF(OR(C5="",C102="",C102=0),0,(C5-C102)^2/C102) -> 158146.64 | D116: =IF(OR(D5="",D102="",D102=0),0,(D5-D102)^2/D102) -> 41114.704 | E116: =IF(OR(E5="",E102="",E102=0),0,(E5-E102)^2/E102) -> 2797.0137 | F116: =IF(OR(F5="",F102="",F102=0),0,(F5-F102)^2/F102) -> 15950.929 | G116: =IF(OR(G5="",G102="",G102=0),0,(G5-G102)^2/G102) -> 2344.8532 | H116: =IF(OR(H5="",H102="",H102=0),0,(H5-H102)^2/H102) -> 1489.3622 | I116: =IF(OR(I5="",I102="",I102=0),0,(I5-I102)^2/I102) -> 639.24375 | ... K116: =IF(OR(K5="",K102="",K102=0),0,(K5-K102)^2/K102) -> 0
A117: Origin 2 | B117: =IF(OR(B6="",B103="",B103=0),0,(B6-B103)^2/B103) -> 37422.666 | C117: =IF(OR(C6="",C103="",C103=0),0,(C6-C103)^2/C103) -> 38065.662 | D117: =IF(OR(D6="",D103="",D103=0),0,(D6-D103)^2/D103) -> 1093.4268 | E117: =IF(OR(E6="",E103="",E103=0),0,(E6-E103)^2/E103) -> 23486.415 | F117: =IF(OR(F6="",F103="",F103=0),0,(F6-F103)^2/F103) -> 45593.577 | G117: =IF(OR(G6="",G103="",G103=0),0,(G6-G103)^2/G103) -> 17804.205 | H117: =IF(OR(H6="",H103="",H103=0),0,(H6-H103)^2/H103) -> 53.949621 | I117: =IF(OR(I6="",I103="",I103=0),0,(I6-I103)^2/I103) -> 15.497695 | J117: =IF(OR(J6="",J103="",J103=0),0,(J6-J103)^2/J103) -> 20.612895
A118: Origin 3 | B118: =IF(OR(B7="",B104="",B104=0),0,(B7-B104)^2/B104) -> 54876.038 | C118: =IF(OR(C7="",C104="",C104=0),0,(C7-C104)^2/C104) -> 7563.9434 | D118: =IF(OR(D7="",D104="",D104=0),0,(D7-D104)^2/D104) -> 43447.357 | E118: =IF(OR(E7="",E104="",E104=0),0,(E7-E104)^2/E104) -> 9210.0276 | F118: =IF(OR(F7="",F104="",F104=0),0,(F7-F104)^2/F104) -> 271.12786 | G118: =IF(OR(G7="",G104="",G104=0),0,(G7-G104)^2/G104) -> 357.49265 | H118: =IF(OR(H7="",H104="",H104=0),0,(H7-H104)^2/H104) -> 7.7299067 | I118: =IF(OR(I7="",I104="",I104=0),0,(I7-I104)^2/I104) -> 491.22519
A119: Origin 4 | B119: =IF(OR(B8="",B105="",B105=0),0,(B8-B105)^2/B105) -> 17545.967 | C119: =IF(OR(C8="",C105="",C105=0),0,(C8-C105)^2/C105) -> 1688.987 | D119: =IF(OR(D8="",D105="",D105=0),0,(D8-D105)^2/D105) -> 6544.3761 | E119: =IF(OR(E8="",E105="",E105=0),0,(E8-E105)^2/E105) -> 2133.4674 | F119: =IF(OR(F8="",F105="",F105=0),0,(F8-F105)^2/F105) -> 616.13211 | G119: =IF(OR(G8="",G105="",G105=0),0,(G8-G105)^2/G105) -> 5741.3278 | H119: =IF(OR(H8="",H105="",H105=0),0,(H8-H105)^2/H105) -> 1278.3912
...

Sheet Reserve SD
A1: Reserve uncertainty by method
A2: Reserve Standard Deviation and Coefficient of Variation
B3: Chain Ladder | D3: Hierarchical | F3: Cape Cod
A4: Origin | B4: SD | C4: CoV | D4: SD | E4: CoV | F4: SD | G4: CoV
A5: Origin 1 | B5: 0 | D5: 0 | F5: 0
A6: Origin 2 | B6: =SQRT('Chain Ladder'!AC10) -> 25331.768 | C6: =B6/Methods!H20 -> 1.6747467 | D6: =SQRT(Hierarchical!AC10) -> 25356.497 | E6: =D6/Hierarchical!K10 -> 1.6726678 | F6: =SQRT('Cape Cod'!AC10) -> 25393.221 | G6: =F6/'Cape Cod'!K10 -> 1.6695835
A7: Origin 3 | B7: =SQRT('Chain Ladder'!AC11) -> 31647.079 | C7: =B7/Methods!H21 -> 1.2052851 | D7: =SQRT(Hierarchical!AC11) -> 31403.24 | E7: =D7/Hierarchical!K11 -> 1.2077975 | F7: =SQRT('Cape Cod'!AC11) -> 31041.121 | G7: =F7/'Cape Cod'!K11 -> 1.2116246
A8: Origin 4 | B8: =SQRT('Chain Ladder'!AC12) -> 34357.499 | C8: =B8/Methods!H22 -> 0.99477188 | D8: =SQRT(Hierarchical!AC12) -> 34685.96 | E8: =D8/Hierarchical!K12 -> 0.98890937 | F8: =SQRT('Cape Cod'!AC12) -> 35171.592 | G8: =F8/'Cape Cod'!K12 -> 0.98043291
A9: Origin 5 | B9: =SQRT('Chain Ladder'!AC13) -> 50588.917 | C9: =B9/Methods!H23 -> 0.59305984 | D9: =SQRT(Hierarchical!AC13) -> 51251.236 | E9: =D9/Hierarchical!K13 -> 0.5871107 | F9: =SQRT('Cape Cod'!AC13) -> 52217.951 | G9: =F9/'Cape Cod'!K13 -> 0.57869611
A10: Origin 6 | B10: =SQRT('Chain Ladder'!AC14) -> 66816.425 | C10: =B10/Methods!H24 -> 0.42695868 | D10: =SQRT(Hierarchical!AC14) -> 67695.77 | E10: =D10/Hierarchical!K14 -> 0.42152447 | F10: =SQRT('Cape Cod'!AC14) -> 68958.082 | G10: =F10/'Cape Cod'!K14 -> 0.4139532
A11: Origin 7 | B11: =SQRT('Chain Ladder'!AC15) -> 88204.031 | C11: =B11/Methods!H25 -> 0.30827557 | D11: =SQRT(Hierarchical!AC15) -> 89813.897 | E11: =D11/Hierarchical!K15 -> 0.30151209 | F11: =SQRT('Cape Cod'!AC15) -> 92035.323 | G11: =F11/'Cape Cod'!K15 -> 0.29248658
A12: Origin 8 | B12: =SQRT('Chain Ladder'!AC16) -> 109265.13 | C12: =B12/Methods!H26 -> 0.24326185 | D12: =SQRT(Hierarchical!AC16) -> 112632.86 | E12: =D12/Hierarchical!K16 -> 0.2335584 | F12: =SQRT('Cape Cod'!AC16) -> 116992.04 | G12: =F12/'Cape Cod'!K16 -> 0.22155243
A13: Origin 9 | B13: =SQRT('Chain Ladder'!AC17) -> 170259.27 | C13: =B13/Methods!H27 -> 0.16320206 | D13: =SQRT(Hierarchical!AC17) -> 171871.45 | E13: =D13/Hierarchical!K17 -> 0.15447777 | F13: =SQRT('Cape Cod'!AC17) -> 173181.79 | G13: =F13/'Cape Cod'!K17 -> 0.14421951
A14: Origin 10 | B14: =SQRT('Chain Ladder'!AC18) -> 401963.29 | C14: =B14/Methods!H28 -> 0.10174187 | D14: =SQRT(Hierarchical!AC18) -> 361871.14 | E14: =D14/Hierarchical!K18 -> 0.088141589 | F14: =SQRT('Cape Cod'!AC18) -> 321733.7 | G14: =F14/'Cape Cod'!K18 -> 0.075870522
A15: Total | B15: =SQRT('Chain Ladder'!AC20) -> 521137.4 | C15: =B15/SUM(Methods!H19:H28) -> 0.086180283 | D15: =SQRT(Hierarchical!AC20) -> 496973.62 | E15: =D15/Hierarchical!K20 -> 0.078605036 | F15: =SQRT('Cape Cod'!AC20) -> 476815.39 | G15: =F15/'Cape Cod'!K20 -> 0.072052347

Sheet Reserves
A1: Reserves and Ultimate Loss Ratios
B3: Chain Ladder | D3: Hierarchical | F3: Cape Cod
A4: Origin | B4: Reserve | C4: LR | D4: Reserve | E4: LR | F4: Reserve | G4: LR
A5: Origin 1 | B5: 0 | C5: ='Chain Ladder'!L9/'Chain Ladder'!B9 -> 0.72046284 | D5: 0 | E5: =Hierarchical!M9 -> 0.72046284 | F5: 0 | G5: ='Cape Cod'!M9 -> 0.72046284
A6: Origin 2 | B6: ='Chain Ladder'!K10 -> 15125.731 | C6: ='Chain Ladder'!L10/'Chain Ladder'!B10 -> 0.7165035 | D6: =Hierarchical!K10 -> 15159.315 | E6: =Hierarchical!M10 -> 0.71650576 | F6: ='Cape Cod'!K10 -> 15209.314 | G6: ='Cape Cod'!M10 -> 0.71650912
A7: Origin 3 | B7: ='Chain Ladder'!K11 -> 26256.923 | C7: ='Chain Ladder'!L11/'Chain Ladder'!B11 -> 0.73754696 | D7: =Hierarchical!K11 -> 26000.418 | E7: =Hierarchical!M11 -> 0.73752922 | F7: ='Cape Cod'!K11 -> 25619.422 | G7: ='Cape Cod'!M11 -> 0.73750286
A8: Origin 4 | B8: ='Chain Ladder'!K12 -> 34538.068 | C8: ='Chain Ladder'!L12/'Chain Ladder'!B12 -> 0.69431972 | D8: =Hierarchical!K12 -> 35074.964 | E8: =Hierarchical!M12 -> 0.69435792 | F8: ='Cape Cod'!K12 -> 35873.533 | G8: ='Cape Cod'!M12 -> 0.69441474
A9: Origin 5 | B9: ='Chain Ladder'!K13 -> 85301.539 | C9: ='Chain Ladder'!L13/'Chain Ladder'!B13 -> 0.67965331 | D9: =Hierarchical!K13 -> 87293.991 | E9: =Hierarchical!M13 -> 0.67979048 | F9: ='Cape Cod'!K13 -> 90233.804 | G9: ='Cape Cod'!M13 -> 0.67999287
A10: Origin 6 | B10: ='Chain Ladder'!K14 -> 156493.89 | C10: ='Chain Ladder'!L14/'Chain Ladder'!B14 -> 0.67165568 | D10: =Hierarchical!K14 -> 160597.49 | E10: =Hierarchical!M14 -> 0.67192878 | F10: ='Cape Cod'!K14 -> 166584.25 | G10: ='Cape Cod'!M14 -> 0.67232721
A11: Origin 7 | B11: ='Chain Ladder'!K15 -> 286120.73 | C11: ='Chain Ladder'!L15/'Chain Ladder'!B15 -> 0.64505935 | D11: =Hierarchical!K15 -> 297878.26 | E11: =Hierarchical!M15 -> 0.64585201 | F11: ='Cape Cod'!K15 -> 314665.11 | G11: ='Cape Cod'!M15 -> 0.64698374
A12: Origin 8 | B12: ='Chain Ladder'!K16 -> 449166.73 | C12: ='Chain Ladder'!L16/'Chain Ladder'!B16 -> 0.59829301 | D12: =Hierarchical!K16 -> 482247.11 | E12: =Hierarchical!M16 -> 0.60056652 | F12: ='Cape Cod'!K16 -> 528055.78 | G12: ='Cape Cod'!M16 -> 0.6037148
A13: Origin 9 | B13: ='Chain Ladder'!K17 -> 1043242.2 | C13: ='Chain Ladder'!L17/'Chain Ladder'!B17 -> 0.60103046 | D13: =Hierarchical!K17 -> 1112596.7 | E13: =Hierarchical!M17 -> 0.60582617 | F13: ='Cape Cod'!K17 -> 1200820.8 | G13: ='Cape Cod'!M17 -> 0.61192668
A14: Origin 10 | B14: ='Chain Ladder'!K18 -> 3950814.8 | C14: ='Chain Ladder'!L18/'Chain Ladder'!B18 -> 0.63288319 | D14: =Hierarchical!K18 -> 4105566.3 | E14: =Hierarchical!M18 -> 0.64305727 | F14: ='Cape Cod'!K18 -> 4240562.6 | G14: ='Cape Cod'!M18 -> 0.65193256
A15: Total | B15: ='Chain Ladder'!K20 -> 6047060.6 | C15: ='Chain Ladder'!L20/'Chain Ladder'!B20 -> 0.6698712 | D15: =Hierarchical!K20 -> 6322414.6 | E15: =Hierarchical!M20 -> 0.67173834 | F15: ='Cape Cod'!K20 -> 6617624.7 | G15: ='Cape Cod'!M20 -> 0.67374012

Sheet Implied Credibility Weight
A1: Implied Credibility Weight
A3: Origin | B3: Effective Credibility
A4: Origin 1
A5: Origin 2 | B5: =(Reserves!D6-Reserves!F6)/(Reserves!B6-Reserves!F6) -> 0.59820058
A6: Origin 3 | B6: =(Reserves!D7-Reserves!F7)/(Reserves!B7-Reserves!F7) -> 0.59764089
A7: Origin 4 | B7: =(Reserves!D8-Reserves!F8)/(Reserves!B8-Reserves!F8) -> 0.59797086
A8: Origin 5 | B8: =(Reserves!D9-Reserves!F9)/(Reserves!B9-Reserves!F9) -> 0.59603696
A9: Origin 6 | B9: =(Reserves!D10-Reserves!F10)/(Reserves!B10-Reserves!F10) -> 0.59331501
A10: Origin 7 | B10: =(Reserves!D11-Reserves!F11)/(Reserves!B11-Reserves!F11) -> 0.58809653
A11: Origin 8 | B11: =(Reserves!D12-Reserves!F12)/(Reserves!B12-Reserves!F12) -> 0.58067216
A12: Origin 9 | B12: =(Reserves!D13-Reserves!F13)/(Reserves!B13-Reserves!F13) -> 0.55987377
A13: Origin 10 | B13: =(Reserves!D14-Reserves!F14)/(Reserves!B14-Reserves!F14) -> 0.46590962
A14: Total | B14: =(Reserves!D15-Reserves!F15)/(Reserves!B15-Reserves!F15) -> 0.51740048

Sheet Methods
A1: Chain Ladder and Cape Cod benchmarks
A3: Chain Ladder development view | G3: Cape Cod additive loss-ratio view | L3: Cape Cod common LR
A4: Dev age | B4: f_j | C4: CDF to ult | D4: Paid proportion q_m | G4: Dev age | H4: C_j | I4: E_{n-j+1} | J4: Additive LR ell_j | K4: Cumulative paid proportion q_m | L4: =SUM(J5:J14) -> 0.67374012
A5: 1 | B5: =SUM(Inputs!C20:C28)/SUM(Inputs!B20:B28) -> 1.4925359 | C5: =PRODUCT(B5:B13) -> 1.6961091 | D5: =1/C5 -> 0.5895847 | G5: 1 | H5: =Inputs!B34 -> 58244126 | I5: =Inputs!B35 -> 1.4747372e+08 | J5: =H5/I5 -> 0.39494581 | K5: =SUM($J$5:J5)/SUM($J$5:$J$14) -> 0.58619904
A6: 2 | B6: =SUM(Inputs!D20:D27)/SUM(Inputs!C20:C27) -> 1.0777603 | C6: =PRODUCT(B6:B13) -> 1.1363942 | D6: =1/C6 -> 0.87997634 | G6: 2 | H6: =Inputs!C34 -> 25891903 | I6: =Inputs!C35 -> 1.3226335e+08 | J6: =H6/I6 -> 0.19576022 | K6: =SUM($J$5:J6)/SUM($J$5:$J$14) -> 0.8767565
A7: 3 | B7: =SUM(Inputs!E20:E26)/SUM(Inputs!D20:D26) -> 1.0228732 | C7: =PRODUCT(B7:B13) -> 1.0544035 | D7: =1/C7 -> 0.94840354 | G7: 3 | H7: =Inputs!D34 -> 5506339.1 | I7: =Inputs!D35 -> 1.1780157e+08 | J7: =H7/I7 -> 0.046742492 | K7: =SUM($J$5:J7)/SUM($J$5:$J$14) -> 0.94613413
A8: 4 | B8: =SUM(Inputs!F20:F25)/SUM(Inputs!E20:E25) -> 1.0148409 | C8: =PRODUCT(B8:B13) -> 1.0308253 | D8: =1/C8 -> 0.97009652 | G8: 4 | H8: =Inputs!E34 -> 1556790.1 | I8: =Inputs!E35 -> 1.0325121e+08 | J8: =H8/I8 -> 0.015077693 | K8: =SUM($J$5:J8)/SUM($J$5:$J$14) -> 0.96851322
A9: 5 | B9: =SUM(Inputs!G20:G24)/SUM(Inputs!F20:F24) -> 1.0069739 | C9: =PRODUCT(B9:B13) -> 1.0157506 | D9: =1/C9 -> 0.98449365 | G9: 5 | H9: =Inputs!F34 -> 895451.23 | I9: =Inputs!F35 -> 88418247 | J9: =H9/I9 -> 0.010127448 | K9: =SUM($J$5:J9)/SUM($J$5:$J$14) -> 0.98354491
A10: 6 | B10: =SUM(Inputs!H20:H23)/SUM(Inputs!G20:G23) -> 1.0051458 | C10: =PRODUCT(B10:B13) -> 1.0087159 | D10: =1/C10 -> 0.99135943 | G10: 6 | H10: =Inputs!G34 -> 357736.62 | I10: =Inputs!G35 -> 73392324 | J10: =H10/I10 -> 0.0048743057 | K10: =SUM($J$5:J10)/SUM($J$5:$J$14) -> 0.9907796
A11: 7 | B11: =SUM(Inputs!I20:I22)/SUM(Inputs!H20:H22) -> 1.0010804 | C11: =PRODUCT(B11:B13) -> 1.0035518 | D11: =1/C11 -> 0.99646076 | G11: 7 | H11: =Inputs!H34 -> 215439.36 | I11: =Inputs!H35 -> 58866951 | J11: =H11/I11 -> 0.0036597677 | K11: =SUM($J$5:J11)/SUM($J$5:$J$14) -> 0.99621162
A12: 8 | B12: =SUM(Inputs!J20:J21)/SUM(Inputs!I20:I21) -> 1.0010468 | C12: =PRODUCT(B12:B13) -> 1.0024687 | D12: =1/C12 -> 0.99753734 | G12: 8 | H12: =Inputs!I34 -> 34960.26 | I12: =Inputs!I35 -> 44812034 | J12: =H12/I12 -> 0.00078015338 | K12: =SUM($J$5:J12)/SUM($J$5:$J$14) -> 0.99736956
A13: 9 | B13: =SUM(Inputs!K20)/SUM(Inputs!J20) -> 1.0014205 | C13: =PRODUCT(B13) -> 1.0014205 | D13: =1/C13 -> 0.99858152 | G13: 9 | H13: =Inputs!J34 -> 22775.059 | I13: =Inputs!J35 -> 30355994 | J13: =H13/I13 -> 0.00075026563 | K13: =SUM($J$5:J13)/SUM($J$5:$J$14) -> 0.99848315
A14: 10 | C14: 1 | D14: 1 | G14: 10 | H14: =Inputs!K34 -> 15813.42 | I14: =Inputs!K35 -> 15473558 | J14: =H14/I14 -> 0.001021964 | K14: =SUM($J$5:J14)/SUM($J$5:$J$14) -> 1
A17: By-origin benchmark results
A18: Origin | B18: Premium | C18: Latest paid | D18: Maturity age | E18: CL q_m | F18: CL ultimate | G18: CL ultimate LR | H18: CL reserve | I18: CC q_m | J18: CC ultimate | K18: CC a-priori ultimate LR | L18: CC reserve
A19: Origin 1 | B19: =Inputs!L5 -> 15473558 | C19: =Inputs!M5 -> 11148124 | D19: 10 | E19: =INDEX($D$5:$D$14,D19) -> 1 | F19: =C19/E19 -> 11148124 | G19: =F19/B19 -> 0.72046284 | H19: =F19-C19 -> 0 | I19: =INDEX($K$5:$K$14,D19) -> 1 | J19: =$L$4*B19 -> 10425157 | K19: =J19/B19 -> 0.67374012 | L19: =J19* (1-I19) -> 0
A20: Origin 2 | B20: =Inputs!L6 -> 14882436 | C20: =Inputs!M6 -> 10648192 | D20: 9 | E20: =INDEX($D$5:$D$14,D20) -> 0.99858152 | F20: =C20/E20 -> 10663318 | G20: =F20/B20 -> 0.7165035 | H20: =F20-C20 -> 15125.731 | I20: =INDEX($K$5:$K$14,D20) -> 0.99848315 | J20: =$L$4*B20 -> 10026894 | K20: =J20/B20 -> 0.67374012 | L20: =J20* (1-I20) -> 15209.314
A21: Origin 3 | B21: =Inputs!L7 -> 14456039 | C21: =Inputs!M7 -> 10635751 | D21: 8 | E21: =INDEX($D$5:$D$14,D21) -> 0.99753734 | F21: =C21/E21 -> 10662008 | G21: =F21/B21 -> 0.73754696 | H21: =F21-C21 -> 26256.923 | I21: =INDEX($K$5:$K$14,D21) -> 0.99736956 | J21: =$L$4*B21 -> 9739613.7 | K21: =J21/B21 -> 0.67374012 | L21: =J21* (1-I21) -> 25619.422
A22: Origin 4 | B22: =Inputs!L8 -> 14054917 | C22: =Inputs!M8 -> 9724068.2 | D22: 7 | E22: =INDEX($D$5:$D$14,D22) -> 0.99646076 | F22: =C22/E22 -> 9758606.3 | G22: =F22/B22 -> 0.69431972 | H22: =F22-C22 -> 34538.068 | I22: =INDEX($K$5:$K$14,D22) -> 0.99621162 | J22: =$L$4*B22 -> 9469361.7 | K22: =J22/B22 -> 0.67374012 | L22: =J22* (1-I22) -> 35873.533
A23: Origin 5 | B23: =Inputs!L9 -> 14525373 | C23: =Inputs!M9 -> 9786916.1 | D23: 6 | E23: =INDEX($D$5:$D$14,D23) -> 0.99135943 | F23: =C23/E23 -> 9872217.6 | G23: =F23/B23 -> 0.67965331 | H23: =F23-C23 -> 85301.539 | I23: =INDEX($K$5:$K$14,D23) -> 0.9907796 | J23: =$L$4*B23 -> 9786326.3 | K23: =J23/B23 -> 0.67374012 | L23: =J23* (1-I23) -> 90233.804
A24: Origin 6 | B24: =Inputs!L10 -> 15025923 | C24: =Inputs!M10 -> 9935753 | D24: 5 | E24: =INDEX($D$5:$D$14,D24) -> 0.98449365 | F24: =C24/E24 -> 10092247 | G24: =F24/B24 -> 0.67165568 | H24: =F24-C24 -> 156493.89 | I24: =INDEX($K$5:$K$14,D24) -> 0.98354491 | J24: =$L$4*B24 -> 10123567 | K24: =J24/B24 -> 0.67374012 | L24: =J24* (1-I24) -> 166584.25
A25: Origin 7 | B25: =Inputs!L11 -> 14832965 | C25: =Inputs!M11 -> 9282022.2 | D25: 4 | E25: =INDEX($D$5:$D$14,D25) -> 0.97009652 | F25: =C25/E25 -> 9568142.9 | G25: =F25/B25 -> 0.64505935 | H25: =F25-C25 -> 286120.73 | I25: =INDEX($K$5:$K$14,D25) -> 0.96851322 | J25: =$L$4*B25 -> 9993563.8 | K25: =J25/B25 -> 0.67374012 | L25: =J25* (1-I25) -> 314665.11
A26: Origin 8 | B26: =Inputs!L12 -> 14550359 | C26: =Inputs!M12 -> 8256211.4 | D26: 3 | E26: =INDEX($D$5:$D$14,D26) -> 0.94840354 | F26: =C26/E26 -> 8705378.1 | G26: =F26/B26 -> 0.59829301 | H26: =F26-C26 -> 449166.73 | I26: =INDEX($K$5:$K$14,D26) -> 0.94613413 | J26: =$L$4*B26 -> 9803160.7 | K26: =J26/B26 -> 0.67374012 | L26: =J26* (1-I26) -> 528055.78
A27: Origin 9 | B27: =Inputs!L13 -> 14461781 | C27: =Inputs!M13 -> 7648728.9 | D27: 2 | E27: =INDEX($D$5:$D$14,D27) -> 0.87997634 | F27: =C27/E27 -> 8691971.1 | G27: =F27/B27 -> 0.60103046 | H27: =F27-C27 -> 1043242.2 | I27: =INDEX($K$5:$K$14,D27) -> 0.8767565 | J27: =$L$4*B27 -> 9743482.3 | K27: =J27/B27 -> 0.67374012 | L27: =J27* (1-I27) -> 1200820.8
A28: Origin 10 | B28: =Inputs!L14 -> 15210363 | C28: =Inputs!M14 -> 5675568.1 | D28: 1 | E28: =INDEX($D$5:$D$14,D28) -> 0.5895847 | F28: =C28/E28 -> 9626383 | G28: =F28/B28 -> 0.63288319 | H28: =F28-C28 -> 3950814.8 | I28: =INDEX($K$5:$K$14,D28) -> 0.58619904 | J28: =$L$4*B28 -> 10247832 | K28: =J28/B28 -> 0.67374012 | L28: =J28* (1-I28) -> 4240562.6

Sheet Tau_Grid
A1: MAP tau grid search
A3: Max tau | B3: 5000
A4: Step | B4: 0.5
A5: MAP tau | B5: =INDEX(B9:B10008,MATCH(MAX(C9:C10008),C9:C10008,0)) -> 346
A6: Max log posterior | B6: =MAX(C9:C10008) -> -9620.7692
A8: Index | B8: Tau | C8: Log Likelihood | D8: Likelihood (Normalized) | E8: Term OY2 | F8: Term OY3 | G8: Term OY4 | H8: Term OY5 | I8: Term OY6 | J8: Term OY7 | K8: Term OY8 | L8: Term OY9 | M8: Term OY10
A9: =ROW()-8 -> 1 | B9: =IF((ROW()-8)*$B$4<=$B$3,(ROW()-8)*$B$4,"") -> 0.5 | C9: =IF(B9="","",SUM(E9:M9)) -> -9644.6338 | D9: =EXP(C9-$B$6) -> 4.3226246e-11 | E9: {=GAMMALN((1+Hierarchical!$F$10+B9:B10008*Hierarchical!$D$9))+GAMMALN((Hierarchical!$E$10+B9:B10008*Hierarchical!$C$10))-GAMMALN((1+Hierarchical!$F$10+B9:B10008*Hierarchical!$D$9)+(Hierarchical!$E$10+B9:B10008*Hierarchical!$C$10))-GAMMALN((1+B9:B10008*Hierarchical!$D$9))-GAMMALN((B9:B10008*Hierarchical!$C$10))+GAMMALN((1+B9:B10008*Hierarchical!$D$10))} -> -702.03445 | F9: {=GAMMALN((1+Hierarchical!$F$11+B9:B10008*Hierarchical!$D$10))+GAMMALN((Hierarchical!$E$11+B9:B10008*Hierarchical!$C$11))-GAMMALN((1+Hierarchical!$F$11+B9:B10008*Hierarchical!$D$10)+(Hierarchical!E$11+B9:B10008*Hierarchical!$C$11))-GAMMALN((1+B9:B10008*Hierarchical!$D$10))-GAMMALN((B9:B10008*Hierarchical!$C$11))+GAMMALN((1+B9:B10008*Hierarchical!$D$11))} -> -952.49042 | G9: {=GAMMALN((1+Hierarchical!$F$12+B9:B10008*Hierarchical!$D$11))+GAMMALN((Hierarchical!$E$12+B9:B10008*Hierarchical!$C$12))-GAMMALN((1+Hierarchical!$F$12+B9:B10008*Hierarchical!$D$11)+(Hierarchical!$E$12+B9:B10008*Hierarchical!C12))-GAMMALN((1+B9:B10008*Hierarchical!$D$11))-GAMMALN((B9:B10008*Hierarchical!$C$12))+GAMMALN((1+B9:B10008*Hierarchical!$D$12))} -> -1056.2666 | H9: {=GAMMALN((1+Hierarchical!F13+B9:B10008*Hierarchical!$D$12))+GAMMALN((Hierarchical!E13+B9:B10008*Hierarchical!C13))-GAMMALN((1+Hierarchical!F13+B9:B10008*Hierarchical!$D$12)+(Hierarchical!E13+B9:B10008*Hierarchical!C13))-GAMMALN((1+B9:B10008*Hierarchical!$D$12))-GAMMALN((B9:B10008*Hierarchical!C13))+GAMMALN((1+B9:B10008*Hierarchical!$D$13))} -> -1163.9309 | I9: {=GAMMALN((1+Hierarchical!F14+B9:B10008*Hierarchical!$D$13))+GAMMALN((Hierarchical!E14+B9:B10008*Hierarchical!C14))-GAMMALN((1+Hierarchical!F14+B9:B10008*Hierarchical!$D$13)+(Hierarchical!E14+B9:B10008*Hierarchical!C14))-GAMMALN((1+B9:B10008*Hierarchical!$D$13))-GAMMALN((B9:B10008*Hierarchical!C14))+GAMMALN((1+B9:B10008*Hierarchical!$D$14))} -> -1259.928 | J9: {=GAMMALN((1+Hierarchical!F15+B9:B10008*Hierarchical!$D$14))+GAMMALN((Hierarchical!E15+B9:B10008*Hierarchical!C15))-GAMMALN((1+Hierarchical!F15+B9:B10008*Hierarchical!$D$14)+(Hierarchical!E15+B9:B10008*Hierarchical!C15))-GAMMALN((1+B9:B10008*Hierarchical!$D$14))-GAMMALN((B9:B10008*Hierarchical!C15))+GAMMALN((1+B9:B10008*Hierarchical!$D$15))} -> -1268.5066 | K9: {=GAMMALN((1+Hierarchical!F16+B9:B10008*Hierarchical!$D$15))+GAMMALN((Hierarchical!E16+B9:B10008*Hierarchical!C16))-GAMMALN((1+Hierarchical!F16+B9:B10008*Hierarchical!$D$15)+(Hierarchical!E16+B9:B10008*Hierarchical!C16))-GAMMALN((1+B9:B10008*Hierarchical!$D$15))-GAMMALN((B9:B10008*Hierarchical!C16))+GAMMALN((1+B9:B10008*Hierarchical!$D$16))} -> -1213.7344 | L9: {=GAMMALN((1+Hierarchical!F17+B9:B10008*Hierarchical!$D$16))+GAMMALN((Hierarchical!E17+B9:B10008*Hierarchical!C17))-GAMMALN((1+Hierarchical!F17+B9:B10008*Hierarchical!$D$16)+(Hierarchical!E17+B9:B10008*Hierarchical!C17))-GAMMALN((1+B9:B10008*Hierarchical!$D$16))-GAMMALN((B9:B10008*Hierarchical!C17))+GAMMALN((1+B9:B10008*Hierarchical!$D$17))} -> -1163.5353 | M9: {=GAMMALN((1+Hierarchical!F18+B9:B10008*Hierarchical!$D$17))+GAMMALN((Hierarchical!E18+B9:B10008*Hierarchical!C18))-GAMMALN((1+Hierarchical!F18+B9:B10008*Hierarchical!$D$17)+(Hierarchical!E18+B9:B10008*Hierarchical!C18))-GAMMALN((1+B9:B10008*Hierarchical!$D$17))-GAMMALN((B9:B10008*Hierarchical!C18))+GAMMALN((1+B9:B10008*Hierarchical!$D$18))} -> -864.20705
A10: =ROW()-8 -> 2 | B10: =IF((ROW()-8)*$B$4<=$B$3,(ROW()-8)*$B$4,"") -> 1 | C10: =IF(B10="","",SUM(E10:M10)) -> -9640.7881 | D10: =EXP(C10-$B$6) -> 2.0225093e-09 | E10: -701.58179 | F10: -952.05569 | G10: -1055.8362 | H10: -1163.5051 | I10: -1259.5056 | J10: -1268.0852 | K10: -1213.3154 | L10: -1163.1152 | M10: -863.78792
A11: =ROW()-8 -> 3 | B11: =IF((ROW()-8)*$B$4<=$B$3,(ROW()-8)*$B$4,"") -> 1.5 | C11: =IF(B11="","",SUM(E11:M11)) -> -9638.7091 | D11: =EXP(C11-$B$6) -> 1.6172642e-08 | E11: -701.34003 | F11: -951.82122 | G11: -1055.6035 | H11: -1163.2743 | I11: -1259.276 | J11: -1267.8565 | K11: -1213.0895 | L11: -1162.8881 | M11: -863.55999
A12: =ROW()-8 -> 4 | B12: =IF((ROW()-8)*$B$4<=$B$3,(ROW()-8)*$B$4,"") -> 2 | C12: =IF(B12="","",SUM(E12:M12)) -> -9637.2919 | D12: =EXP(C12-$B$6) -> 6.6725473e-08 | E12: -701.17625 | F12: -951.66135 | G12: -1055.4446 | H12: -1163.1165 | I12: -1259.119 | J12: -1267.7004 | K12: -1212.9362 | L12: -1162.7336 | M12: -863.40407
A13: =ROW()-8 -> 5 | B13: =IF((ROW()-8)*$B$4<=$B$3,(ROW()-8)*$B$4,"") -> 2.5 | C13: =IF(B13="","",SUM(E13:M13)) -> -9636.2198 | D13: =EXP(C13-$B$6) -> 1.9493861e-07 | E13: -701.05273 | F13: -951.54027 | G13: -1055.3242 | H13: -1162.9968 | I13: -1258.9998 | J13: -1267.5821 | K13: -1212.8208 | L13: -1162.6171 | M13: -863.28587
A14: =ROW()-8 -> 6 | B14: =IF((ROW()-8)*$B$4<=$B$3,(ROW()-8)*$B$4,"") -> 3 | C14: =IF(B14="","",SUM(E14:M14)) -> -9635.3592 | D14: =EXP(C14-$B$6) -> 4.6091654e-07 | E14: -700.9537 | F14: -951.44291 | G14: -1055.2273 | H14: -1162.9006 | I14: -1258.904 | J14: -1267.4872 | K14: -1212.7287 | L14: -1162.524 | M14: -863.19085
A15: =ROW()-8 -> 7 | B15: =IF((ROW()-8)*$B$4<=$B$3,(ROW()-8)*$B$4,"") -> 3.5 | C15: =IF(B15="","",SUM(E15:M15)) -> -9634.6415 | D15: =EXP(C15-$B$6) -> 9.4473693e-07 | E15: -700.87111 | F15: -951.36156 | G15: -1055.1464 | H15: -1162.8202 | I15: -1258.8238 | J15: -1267.4079 | K15: -1212.6524 | L15: -1162.4465 | M15: -863.1115
A16: =ROW()-8 -> 8 | B16: =IF((ROW()-8)*$B$4<=$B$3,(ROW()-8)*$B$4,"") -> 4 | C16: =IF(B16="","",SUM(E16:M16)) -> -9634.0267 | D16: =EXP(C16-$B$6) -> 1.7470993e-06 | E16: -700.80033 | F16: -951.29172 | G16: -1055.077 | H16: -1162.7512 | I16: -1258.7551 | J16: -1267.3401 | K16: -1212.5875 | L16: -1162.3805 | M16: -863.04346
A17: =ROW()-8 -> 9 | B17: =IF((ROW()-8)*$B$4<=$B$3,(ROW()-8)*$B$4,"") -> 4.5 | C17: =IF(B17="","",SUM(E17:M17)) -> -9633.4896 | D17: =EXP(C17-$B$6) -> 2.9896213e-06 | E17: -700.73841 | F17: -951.23056 | G17: -1055.0162 | H17: -1162.6908 | I17: -1258.6948 | J17: -1267.2808 | K17: -1212.5311 | L17: -1162.323 | M17: -862.98396
A18: =ROW()-8 -> 10 | B18: =IF((ROW()-8)*$B$4<=$B$3,(ROW()-8)*$B$4,"") -> 5 | C18: =IF(B18="","",SUM(E18:M18)) -> -9633.013 | D18: =EXP(C18-$B$6) -> 4.8148641e-06 | E18: -700.6834 | F18: -951.17618 | G18: -1054.9621 | H18: -1162.6371 | I18: -1258.6413 | J18: -1267.2281 | K18: -1212.4814 | L18: -1162.2722 | M18: -862.93115
A19: =ROW()-8 -> 11 | B19: =IF((ROW()-8)*$B$4<=$B$3,(ROW()-8)*$B$4,"") -> 5.5 | C19: =IF(B19="","",SUM(E19:M19)) -> -9632.5851 | D19: =EXP(C19-$B$6) -> 7.3861464e-06 | E19: -700.63392 | F19: -951.12723 | G19: -1054.9135 | H19: -1162.5888 | I19: -1258.5932 | J19: -1267.1809 | K19: -1212.4371 | L19: -1162.2268 | M19: -862.88369
A20: =ROW()-8 -> 12 | B20: =IF((ROW()-8)*$B$4<=$B$3,(ROW()-8)*$B$4,"") -> 6 | C20: =IF(B20="","",SUM(E20:M20)) -> -9632.1971 | D20: =EXP(C20-$B$6) -> 1.0887189e-05 | E20: -700.58898 | F20: -951.08274 | G20: -1054.8693 | H20: -1162.5449 | I20: -1258.5495 | J20: -1267.1381 | K20: -1212.3972 | L20: -1162.1857 | M20: -862.84064
A21: =ROW()-8 -> 13 | B21: =IF((ROW()-8)*$B$4<=$B$3,(ROW()-8)*$B$4,"") -> 6.5 | C21: =IF(B21="","",SUM(E21:M21)) -> -9631.8425 | D21: =EXP(C21-$B$6) -> 1.5521628e-05 | E21: -700.54782 | F21: -951.04198 | G21: -1054.8288 | H21: -1162.5048 | I21: -1258.5094 | J21: -1267.099 | K21: -1212.361 | L21: -1162.1484 | M21: -862.80127
... A10008: =ROW()-8 -> 10000 | B10008: =IF((ROW()-8)*$B$4<=$B$3,(ROW()-8)*$B$4,"") -> 5000 | C10008: =IF(B10008="","",SUM(E10008:M10008)) -> -9622.3371 | D10008: =EXP(C10008-$B$6) -> 0.20848823 | E10008: -698.39201 | F10008: -948.96957 | G10008: -1052.9778 | H10008: -1160.8676 | I10008: -1256.9323 | J10008: -1266.2941 | K10008: -1213.9158 | L10008: -1162.5965 | M10008: -861.39141

Sheet Hierarchical
A1: Hierarchical origin-side model
A3: MAP tau from grid | B3: =Tau_Grid!B5 -> 346
A4: User override tau
A5: Selected tau | B5: =IF(B4="",B3,B4) -> 346
A6: Set B4 to 0 to recover the exact Chain Ladder endpoint. | B6: Selected phi is Inputs!B42 and defaults to the CC ODP Pearson estimate.
O7: Expected future cell means C_j m_ij
A8: Origin | B8: Premium | C8: Index | D8: Cumulative Index | E8: Scaled latest paid d_i | F8: Scaled S_i | G8: u_i(tau) | H8: v_i(tau) | I8: A_i | J8: R_i | K8: Reserve (actual) | L8: Posterior mean ultimate (actual) | M8: Posterior mean ultimate LR | O8: Dev 1 | P8: Dev 2 | Q8: Dev 3 | R8: Dev 4 | S8: Dev 5 | T8: Dev 6 | U8: Dev 7 | V8: Dev 8 | W8: Dev 9 | X8: Dev 10 | Z8: v_i | AA8: v_i^(2) | AB8: Scaled reserve variance | AC8: Reserve Variance
A9: Origin 1 | B9: =Inputs!L5 -> 15473558 | C9: =B9/$B$9 -> 1 | D9: =C9 -> 1 | E9: =Inputs!L58 -> 515.85792 | K9: =SUM(O9:X9)*Inputs!$B$42 -> 0 | L9: =Inputs!M5+K9 -> 11148124 | M9: =L9/B9 -> 0.72046284 | N9: Origin 1
A10: Origin 2 | B10: =Inputs!L6 -> 14882436 | C10: =B10/$B$9 -> 0.96179791 | D10: =C10+D9 -> 1.9617979 | E10: =Inputs!L59 -> 492.72453 | F10: =SUM(Inputs!J71) -> 515.12618 | G10: =1+F10+$B$5*D9 -> 862.12618 | H10: =E10+$B$5*C10 -> 825.50661 | I10: =H10/(G10-1) -> 0.95863605 | J10: =(G10+H10-1)/(G10-1) -> 1.9586361 | K10: =SUM(O10:X10)*Inputs!$B$42 -> 15159.315 | L10: =Inputs!M6+K10 -> 10663351 | M10: =L10/B10 -> 0.71650576 | N10: Origin 2 | X10: =Inputs!K85*$I$10 -> 0.70146803 | Z10: =(G10+H10-1)/(G10-1) -> 1.9586361 | AA10: =((G10+H10-1)*(G10+H10-2))/((G10-1)*(G10-2)) -> 3.8384381 | AB10: =SUMPRODUCT(O10:X10,1+AD10:AM10)+SUMPRODUCT(AN10:AW10,2*AX10:BG10-O10:X10) -> 1.3766868 | AC10: =AB10*Inputs!$B$42^2 -> 6.4295192e+08 | AM10: =($H$10+1)/($G$10-2) -> 0.9609132 | AW10: =IF(X10="","",Inputs!K85*AM10-X10) -> 0.0016662712 | BG10: =IF(X10="","",X10) -> 0.70146803
A11: Origin 3 | B11: =Inputs!L7 -> 14456039 | C11: =B11/$B$9 -> 0.93424144 | D11: =C11+D10 -> 2.8960393 | E11: =Inputs!L60 -> 492.14886 | F11: =SUM(Inputs!I71:I72) -> 1006.7968 | G11: =1+F11+$B$5*D10 -> 1686.5789 | H11: =E11+$B$5*C11 -> 815.39639 | I11: =H11/(G11-1) -> 0.48374857 | J11: =(G11+H11-1)/(G11-1) -> 1.4837486 | K11: =SUM(O11:X11)*Inputs!$B$42 -> 26000.418 | L11: =Inputs!M7+K11 -> 10661751 | M11: =L11/B11 -> 0.73752922 | N11: Origin 3 | W11: =Inputs!J85*$I$11 -> 0.50980904 | X11: =Inputs!K85*$I$11*$J$10 -> 0.69331016 | Z11: =(G11+H11-1)/(G11-1) -> 1.4837486 | AA11: =((G11+H11-1)*(G11+H11-2))/((G11-1)*(G11-2)) -> 2.2019359 | AB11: =SUMPRODUCT(O11:X11,1+AD11:AM11)+SUMPRODUCT(AN11:AW11,2*AX11:BG11-O11:X11) -> 2.1115703 | AC11: =AB11*Inputs!$B$42^2 -> 9.8616347e+08 | AL11: =($H$11+1)/($G$11-2) -> 0.48462935 | AM11: =AL11*($AA$10/$Z$10) -> 0.94975266 | AV11: =IF(W11="","",Inputs!J85*AL11-W11) -> 0.00092823253 | AW11: =IF(X11="","",Inputs!K85*AM11-X11) -> 0.0016575764 | BF11: =IF(W11="","",W11+BG11) -> 1.2031192 | BG11: =IF(X11="","",X11) -> 0.69331016
A12: Origin 4 | B12: =Inputs!L8 -> 14054917 | C12: =B12/$B$9 -> 0.90831838 | D12: =C12+D11 -> 3.8043577 | E12: =Inputs!L61 -> 449.96249 | F12: =SUM(Inputs!H71:H73) -> 1497.328 | G12: =1+F12+$B$5*D11 -> 2500.3576 | H12: =E12+$B$5*C12 -> 764.24065 | I12: =H12/(G12-1) -> 0.30577483 | J12: =(G12+H12-1)/(G12-1) -> 1.3057748 | K12: =SUM(O12:X12)*Inputs!$B$42 -> 35074.964 | L12: =Inputs!M8+K12 -> 9759143.2 | M12: =L12/B12 -> 0.69435792 | N12: Origin 4 | V12: =Inputs!I85*$I$12 -> 0.49465763 | W12: =Inputs!J85*$I$12*$J$11 -> 0.47813428 | X12: =Inputs!K85*$I$12*$J$10*$J$11 -> 0.65023437 | Z12: =(G12+H12-1)/(G12-1) -> 1.3057748 | AA12: =((G12+H12-1)*(G12+H12-2))/((G12-1)*(G12-2)) -> 1.7052077 | AB12: =SUMPRODUCT(O12:X12,1+AD12:AM12)+SUMPRODUCT(AN12:AW12,2*AX12:BG12-O12:X12) -> 2.5761081 | AC12: =AB12*Inputs!$B$42^2 -> 1.2031158e+09 | AK12: =($H$12+1)/($G$12-2) -> 0.30629749 | AL12: =AK12*($AA$11/$Z$11) -> 0.45455642 | AM12: =AL12*($AA$10/$Z$10) -> 0.8908172 | AU12: =IF(V12="","",Inputs!I85*AK12-V12) -> 0.00084550594 | AV12: =IF(W12="","",Inputs!J85*AL12-W12) -> 0.00090995871 | AW12: =IF(X12="","",Inputs!K85*AM12-X12) -> 0.0016081994 | BE12: =IF(V12="","",V12+BF12) -> 1.6230263 | BF12: =IF(W12="","",W12+BG12) -> 1.1283687 | BG12: =IF(X12="","",X12) -> 0.65023437
A13: Origin 5 | B13: =Inputs!L9 -> 14525373 | C13: =B13/$B$9 -> 0.93872219 | D13: =C13+D12 -> 4.7430799 | E13: =Inputs!L62 -> 452.87066 | F13: =SUM(Inputs!G71:G74) -> 1937.3214 | G13: =1+F13+$B$5*D12 -> 3254.6292 | H13: =E13+$B$5*C13 -> 777.66854 | I13: =H13/(G13-1) -> 0.23901572 | J13: =(G13+H13-1)/(G13-1) -> 1.2390157 | K13: =SUM(O13:X13)*Inputs!$B$42 -> 87293.991 | L13: =Inputs!M9+K13 -> 9874210 | M13: =L13/B13 -> 0.67979048 | N13: Origin 5 | U13: =Inputs!H85*$I$13 -> 2.3827575 | V13: =Inputs!I85*$I$13*$J$12 -> 0.50489112 | W13: =Inputs!J85*$I$13*$J$11*$J$12 -> 0.48802594 | X13: =Inputs!K85*$I$13*$J$10*$J$11*$J$12 -> 0.66368644 | Z13: =(G13+H13-1)/(G13-1) -> 1.2390157 | AA13: =((G13+H13-1)*(G13+H13-2))/((G13-1)*(G13-2)) -> 1.535251 | AB13: =SUMPRODUCT(O13:X13,1+AD13:AM13)+SUMPRODUCT(AN13:AW13,2*AX13:BG13-O13:X13) -> 5.6242592 | AC13: =AB13*Inputs!$B$42^2 -> 2.6266892e+09 | AJ13: =($H$13+1)/($G$13-2) -> 0.23939665 | AK13: =AJ13*($AA$12/$Z$12) -> 0.31262742 | AL13: =AK13*($AA$11/$Z$11) -> 0.46395026 | AM13: =AL13*($AA$10/$Z$10) -> 0.9092268 | AT13: =IF(U13="","",Inputs!H85*AJ13-U13) -> 0.0037974812 | AU13: =IF(V13="","",Inputs!I85*AK13-V13) -> 0.00085206095 | AV13: =IF(W13="","",Inputs!J85*AL13-W13) -> 0.0009182104 | AW13: =IF(X13="","",Inputs!K85*AM13-X13) -> 0.0016270823 | BD13: =IF(U13="","",U13+BE13) -> 4.039361 | BE13: =IF(V13="","",V13+BF13) -> 1.6566035 | BF13: =IF(W13="","",W13+BG13) -> 1.1517124 | BG13: =IF(X13="","",X13) -> 0.66368644
A14: Origin 6 | B14: =Inputs!L10 -> 15025923 | C14: =B14/$B$9 -> 0.97107098 | D14: =C14+D13 -> 5.7141509 | E14: =Inputs!L63 -> 459.7578 | F14: =SUM(Inputs!F71:F75) -> 2373.6385 | G14: =1+F14+$B$5*D13 -> 4015.7442 | H14: =E14+$B$5*C14 -> 795.74836 | I14: =H14/(G14-1) -> 0.19820649 | J14: =(G14+H14-1)/(G14-1) -> 1.1982065 | K14: =SUM(O14:X14)*Inputs!$B$42 -> 160597.49 | L14: =Inputs!M10+K14 -> 10096350 | M14: =L14/B14 -> 0.67192878 | N14: Origin 6 | T14: =Inputs!G85*$I$14 -> 3.2810254 | U14: =Inputs!H85*$I$14*$J$13 -> 2.4482066 | V14: =Inputs!I85*$I$14*$J$12*$J$13 -> 0.51875937 | W14: =Inputs!J85*$I$14*$J$11*$J$12*$J$13 -> 0.50143095 | X14: =Inputs!K85*$I$14*$J$10*$J$11*$J$12*$J$13 -> 0.68191645 | Z14: =(G14+H14-1)/(G14-1) -> 1.1982065 | AA14: =((G14+H14-1)*(G14+H14-2))/((G14-1)*(G14-2)) -> 1.435758 | AB14: =SUMPRODUCT(O14:X14,1+AD14:AM14)+SUMPRODUCT(AN14:AW14,2*AX14:BG14-O14:X14) -> 9.8125008 | AC14: =AB14*Inputs!$B$42^2 -> 4.5827173e+09 | AI14: =($H$14+1)/($G$14-2) -> 0.19850502 | AJ14: =AI14*($AA$13/$Z$13) -> 0.24596542 | AK14: =AJ14*($AA$12/$Z$12) -> 0.32120557 | AL14: =AK14*($AA$11/$Z$11) -> 0.47668054 | AM14: =AL14*($AA$10/$Z$10) -> 0.93417496 | AS14: =IF(T14="","",Inputs!G85*AI14-T14) -> 0.0049416696 | AT14: =IF(U14="","",Inputs!H85*AJ14-U14) -> 0.003832749 | AU14: =IF(V14="","",Inputs!I85*AK14-V14) -> 0.00086083453 | AV14: =IF(W14="","",Inputs!J85*AL14-W14) -> 0.00092928694 | AW14: =IF(X14="","",Inputs!K85*AM14-X14) -> 0.0016525278 | BC14: =IF(T14="","",T14+BD14) -> 7.4313388 | BD14: =IF(U14="","",U14+BE14) -> 4.1503134 | BE14: =IF(V14="","",V14+BF14) -> 1.7021068 | BF14: =IF(W14="","",W14+BG14) -> 1.1833474 | BG14: =IF(X14="","",X14) -> 0.68191645
A15: Origin 7 | B15: =Inputs!L11 -> 14832965 | C15: =B15/$B$9 -> 0.95860079 | D15: =C15+D14 -> 6.6727517 | E15: =Inputs!L64 -> 429.50767 | F15: =SUM(Inputs!E71:E76) -> 2791.961 | G15: =1+F15+$B$5*D14 -> 4770.0572 | H15: =E15+$B$5*C15 -> 761.18354 | I15: =H15/(G15-1) -> 0.15960881 | J15: =(G15+H15-1)/(G15-1) -> 1.1596088 | K15: =SUM(O15:X15)*Inputs!$B$42 -> 297878.26 | L15: =Inputs!M11+K15 -> 9579900.5 | M15: =L15/B15 -> 0.64585201 | N15: Origin 7 | S15: =Inputs!F85*$I$15 -> 6.6134353 | T15: =Inputs!G85*$I$15*$J$14 -> 3.1657764 | U15: =Inputs!H85*$I$15*$J$13*$J$14 -> 2.3622112 | V15: =Inputs!I85*$I$15*$J$12*$J$13*$J$14 -> 0.50053748 | W15: =Inputs!J85*$I$15*$J$11*$J$12*$J$13*$J$14 -> 0.48381773 | X15: =Inputs!K85*$I$15*$J$10*$J$11*$J$12*$J$13*$J$14 -> 0.65796352 | Z15: =(G15+H15-1)/(G15-1) -> 1.1596088 | AA15: =((G15+H15-1)*(G15+H15-2))/((G15-1)*(G15-2)) -> 1.3447314 | AB15: =SUMPRODUCT(O15:X15,1+AD15:AM15)+SUMPRODUCT(AN15:AW15,2*AX15:BG15-O15:X15) -> 17.272043 | AC15: =AB15*Inputs!$B$42^2 -> 8.0665361e+09 | AH15: =($H$15+1)/($G$15-2) -> 0.15985201 | AI15: =AH15*($AA$14/$Z$14) -> 0.19154361 | AJ15: =AI15*($AA$13/$Z$13) -> 0.23733962 | AK15: =AJ15*($AA$12/$Z$12) -> 0.30994115 | AL15: =AK15*($AA$11/$Z$11) -> 0.45996375 | AM15: =AL15*($AA$10/$Z$10) -> 0.90141422 | AR15: =IF(S15="","",Inputs!F85*AH15-S15) -> 0.01007721 | AS15: =IF(T15="","",Inputs!G85*AI15-T15) -> 0.0049545166 | AT15: =IF(U15="","",Inputs!H85*AJ15-U15) -> 0.0038372354 | AU15: =IF(V15="","",Inputs!I85*AK15-V15) -> 0.00086007733 | AV15: =IF(W15="","",Inputs!J85*AL15-W15) -> 0.00092514605 | AW15: =IF(X15="","",Inputs!K85*AM15-X15) -> 0.0016332632 | BB15: =IF(S15="","",S15+BC15) -> 13.783742 | BC15: =IF(T15="","",T15+BD15) -> 7.1703063 | BD15: =IF(U15="","",U15+BE15) -> 4.0045299 | BE15: =IF(V15="","",V15+BF15) -> 1.6423187 | BF15: =IF(W15="","",W15+BG15) -> 1.1417813 | BG15: =IF(X15="","",X15) -> 0.65796352
A16: Origin 8 | B16: =Inputs!L12 -> 14550359 | C16: =B16/$B$9 -> 0.94033698 | D16: =C16+D15 -> 7.6130887 | E16: =Inputs!L65 -> 382.04025 | F16: =SUM(Inputs!D71:D77) -> 3149.4313 | G16: =1+F16+$B$5*D15 -> 5459.2033 | H16: =E16+$B$5*C16 -> 707.39685 | I16: =H16/(G16-1) -> 0.12960251 | J16: =(G16+H16-1)/(G16-1) -> 1.1296025 | K16: =SUM(O16:X16)*Inputs!$B$42 -> 482247.11 | L16: =Inputs!M12+K16 -> 8738458.5 | M16: =L16/B16 -> 0.60056652 | N16: Origin 8 | R16: =Inputs!E85*$I$16 -> 9.3362352 | S16: =Inputs!F85*$I$16*$J$15 -> 6.2272338 | T16: =Inputs!G85*$I$16*$J$14*$J$15 -> 2.9809062 | U16: =Inputs!H85*$I$16*$J$13*$J$14*$J$15 -> 2.2242663 | V16: =Inputs!I85*$I$16*$J$12*$J$13*$J$14*$J$15 -> 0.47130784 | W16: =Inputs!J85*$I$16*$J$11*$J$12*$J$13*$J$14*$J$15 -> 0.45556446 | X16: =Inputs!K85*$I$16*$J$10*$J$11*$J$12*$J$13*$J$14*$J$15 -> 0.61954075 | Z16: =(G16+H16-1)/(G16-1) -> 1.1296025 | AA16: =((G16+H16-1)*(G16+H16-2))/((G16-1)*(G16-2)) -> 1.2760287 | AB16: =SUMPRODUCT(O16:X16,1+AD16:AM16)+SUMPRODUCT(AN16:AW16,2*AX16:BG16-O16:X16) -> 27.163572 | AC16: =AB16*Inputs!$B$42^2 -> 1.2686162e+10 | AG16: =($H$16+1)/($G$16-2) -> 0.1298095 | AH16: =AG16*($AA$15/$Z$15) -> 0.15053259 | AI16: =AH16*($AA$14/$Z$14) -> 0.18037656 | AJ16: =AI16*($AA$13/$Z$13) -> 0.22350264 | AK16: =AJ16*($AA$12/$Z$12) -> 0.29187148 | AL16: =AK16*($AA$11/$Z$11) -> 0.43314771 | AM16: =AL16*($AA$10/$Z$10) -> 0.84886148 | AQ16: =IF(R16="","",Inputs!E85*AG16-R16) -> 0.014911244 | AR16: =IF(S16="","",Inputs!F85*AH16-S16) -> 0.010125794 | AS16: =IF(T16="","",Inputs!G85*AI16-T16) -> 0.004970155 | AT16: =IF(U16="","",Inputs!H85*AJ16-U16) -> 0.0038407237 | AU16: =IF(V16="","",Inputs!I85*AK16-V16) -> 0.00085807685 | AV16: =IF(W16="","",Inputs!J85*AL16-W16) -> 0.00091774392 | AW16: =IF(X16="","",Inputs!K85*AM16-X16) -> 0.0016013271 | BA16: =IF(R16="","",R16+BB16) -> 22.315054 | BB16: =IF(S16="","",S16+BC16) -> 12.978819 | BC16: =IF(T16="","",T16+BD16) -> 6.7515855 | BD16: =IF(U16="","",U16+BE16) -> 3.7706793 | BE16: =IF(V16="","",V16+BF16) -> 1.5464131 | BF16: =IF(W16="","",W16+BG16) -> 1.0751052 | BG16: =IF(X16="","",X16) -> 0.61954075
A17: Origin 9 | B17: =Inputs!L13 -> 14461781 | C17: =B17/$B$9 -> 0.93461251 | D17: =C17+D16 -> 8.5477012 | E17: =Inputs!L66 -> 353.93017 | F17: =SUM(Inputs!C71:C78) -> 3276.6763 | G17: =1+F17+$B$5*D16 -> 5911.805 | H17: =E17+$B$5*C17 -> 677.3061 | I17: =H17/(G17-1) -> 0.11458779 | J17: =(G17+H17-1)/(G17-1) -> 1.1145878 | K17: =SUM(O17:X17)*Inputs!$B$42 -> 1112596.7 | L17: =Inputs!M13+K17 -> 8761325.6 | M17: =L17/B17 -> 0.60582617 | N17: Origin 9 | Q17: =Inputs!D85*$I$17 -> 29.196422 | R17: =Inputs!E85*$I$17*$J$16 -> 9.3244319 | S17: =Inputs!F85*$I$17*$J$15*$J$16 -> 6.219361 | T17: =Inputs!G85*$I$17*$J$14*$J$15*$J$16 -> 2.9771376 | U17: =Inputs!H85*$I$17*$J$13*$J$14*$J$15*$J$16 -> 2.2214543 | V17: =Inputs!I85*$I$17*$J$12*$J$13*$J$14*$J$15*$J$16 -> 0.47071199 | W17: =Inputs!J85*$I$17*$J$11*$J$12*$J$13*$J$14*$J$15*$J$16 -> 0.45498852 | X17: =Inputs!K85*$I$17*$J$10*$J$11*$J$12*$J$13*$J$14*$J$15*$J$16 -> 0.6187575 | Z17: =(G17+H17-1)/(G17-1) -> 1.1145878 | AA17: =((G17+H17-1)*(G17+H17-2))/((G17-1)*(G17-2)) -> 1.2423276 | AB17: =SUMPRODUCT(O17:X17,1+AD17:AM17)+SUMPRODUCT(AN17:AW17,2*AX17:BG17-O17:X17) -> 63.250524 | AC17: =AB17*Inputs!$B$42^2 -> 2.9539796e+10 | AF17: =($H$17+1)/($G$17-2) -> 0.11477639 | AG17: =AF17*($AA$16/$Z$16) -> 0.12965443 | AH17: =AG17*($AA$15/$Z$15) -> 0.15035276 | AI17: =AH17*($AA$14/$Z$14) -> 0.18016107 | AJ17: =AI17*($AA$13/$Z$13) -> 0.22323564 | AK17: =AJ17*($AA$12/$Z$12) -> 0.29152281 | AL17: =AK17*($AA$11/$Z$11) -> 0.43263026 | AM17: =AL17*($AA$10/$Z$10) -> 0.84784741 | AP17: =IF(Q17="","",Inputs!D85*AF17-Q17) -> 0.048054316 | AQ17: =IF(R17="","",Inputs!E85*AG17-R17) -> 0.015543419 | AR17: =IF(S17="","",Inputs!F85*AH17-S17) -> 0.010547237 | AS17: =IF(T17="","",Inputs!G85*AI17-T17) -> 0.0051717481 | AT17: =IF(U17="","",Inputs!H85*AJ17-U17) -> 0.0039909888 | AU17: =IF(V17="","",Inputs!I85*AK17-V17) -> 0.0008898642 | AV17: =IF(W17="","",Inputs!J85*AL17-W17) -> 0.00094836394 | AW17: =IF(X17="","",Inputs!K85*AM17-X17) -> 0.0016425466 | AZ17: =IF(Q17="","",Q17+BA17) -> 51.483265 | BA17: =IF(R17="","",R17+BB17) -> 22.286843 | BB17: =IF(S17="","",S17+BC17) -> 12.962411 | BC17: =IF(T17="","",T17+BD17) -> 6.7430498 | BD17: =IF(U17="","",U17+BE17) -> 3.7659123 | BE17: =IF(V17="","",V17+BF17) -> 1.544458 | BF17: =IF(W17="","",W17+BG17) -> 1.073746 | BG17: =IF(X17="","",X17) -> 0.6187575
A18: Origin 10 | B18: =Inputs!L14 -> 15210363 | C18: =B18/$B$9 -> 0.98299063 | D18: =C18+D17 -> 9.5306918 | E18: =Inputs!L67 -> 262.62596 | F18: =SUM(Inputs!B71:B79) -> 2432.5086 | G18: =1+F18+$B$5*D17 -> 5391.0132 | H18: =E18+$B$5*C18 -> 602.74072 | I18: =H18/(G18-1) -> 0.11182546 | J18: =(G18+H18-1)/(G18-1) -> 1.1118255 | K18: =SUM(O18:X18)*Inputs!$B$42 -> 4105566.3 | L18: =Inputs!M14+K18 -> 9781134.5 | M18: =L18/B18 -> 0.64305727 | N18: Origin 10 | P18: =Inputs!C85*$I$18 -> 133.97785 | Q18: =Inputs!D85*$I$18*$J$17 -> 31.757496 | R18: =Inputs!E85*$I$18*$J$16*$J$17 -> 10.14236 | S18: =Inputs!F85*$I$18*$J$15*$J$16*$J$17 -> 6.7649158 | T18: =Inputs!G85*$I$18*$J$14*$J$15*$J$16*$J$17 -> 3.2382885 | U18: =Inputs!H85*$I$18*$J$13*$J$14*$J$15*$J$16*$J$17 -> 2.4163175 | V18: =Inputs!I85*$I$18*$J$12*$J$13*$J$14*$J$15*$J$16*$J$17 -> 0.51200228 | W18: =Inputs!J85*$I$18*$J$11*$J$12*$J$13*$J$14*$J$15*$J$16*$J$17 -> 0.49489956 | X18: =Inputs!K85*$I$18*$J$10*$J$11*$J$12*$J$13*$J$14*$J$15*$J$16*$J$17 -> 0.67303415 | Z18: =(G18+H18-1)/(G18-1) -> 1.1118255 | AA18: =((G18+H18-1)*(G18+H18-2))/((G18-1)*(G18-2)) -> 1.2361789 | AB18: =SUMPRODUCT(O18:X18,1+AD18:AM18)+SUMPRODUCT(AN18:AW18,2*AX18:BG18-O18:X18) -> 280.3913 | AC18: =AB18*Inputs!$B$42^2 -> 1.3095072e+11 | AE18: =($H$18+1)/($G$18-2) -> 0.11203178 | AF18: =AE18*($AA$17/$Z$17) -> 0.12487142 | AG18: =AF18*($AA$16/$Z$16) -> 0.14105804 | AH18: =AG18*($AA$15/$Z$15) -> 0.16357686 | AI18: =AH18*($AA$14/$Z$14) -> 0.19600694 | AJ18: =AI18*($AA$13/$Z$13) -> 0.24287008 | AK18: =AJ18*($AA$12/$Z$12) -> 0.31716337 | AL18: =AK18*($AA$11/$Z$11) -> 0.47068177 | AM18: =AL18*($AA$10/$Z$10) -> 0.92241887 | AO18: =IF(P18="","",Inputs!C85*AE18-P18) -> 0.2471836 | AP18: =IF(Q18="","",Inputs!D85*AF18-Q18) -> 0.059144746 | AQ18: =IF(R18="","",Inputs!E85*AG18-R18) -> 0.019102629 | AR18: =IF(S18="","",Inputs!F85*AH18-S18) -> 0.012937034 | AS18: =IF(T18="","",Inputs!G85*AI18-T18) -> 0.0063265267 | AT18: =IF(U18="","",Inputs!H85*AJ18-U18) -> 0.0048642595 | AU18: =IF(V18="","",Inputs!I85*AK18-V18) -> 0.0010787922 | AV18: =IF(W18="","",Inputs!J85*AL18-W18) -> 0.0011387407 | AW18: =IF(X18="","",Inputs!K85*AM18-X18) -> 0.0019324803 | AY18: =IF(P18="","",P18+AZ18) -> 189.97716 | AZ18: =IF(Q18="","",Q18+BA18) -> 55.999314 | BA18: =IF(R18="","",R18+BB18) -> 24.241817 | BB18: =IF(S18="","",S18+BC18) -> 14.099458 | BC18: =IF(T18="","",T18+BD18) -> 7.334542 | BD18: =IF(U18="","",U18+BE18) -> 4.0962535 | BE18: =IF(V18="","",V18+BF18) -> 1.679936 | BF18: =IF(W18="","",W18+BG18) -> 1.1679337 | BG18: =IF(X18="","",X18) -> 0.67303415
A20: Total | B20: =SUM(B9:B18) -> 1.4747372e+08 | E20: =SUM(E9:E18) -> 4291.4263 | K20: =SUM(K9:K18) -> 6322414.6 | L20: =SUM(L9:L18) -> 99063749 | M20: =L20/B20 -> 0.67173834 | AB20: =SUMPRODUCT(AC23:AC31,AB23:AB31-AA23:AA31)+SUMPRODUCT(AE23:AE31,2*AF23:AF31-AD23:AD31) -> 528.83881 | AC20: =AB20*Inputs!$B$42^2 -> 2.4698278e+11
Z22: Dev age | AA22: Pi_j | AB22: Pi_j^(2) | AC22: c_j | AD22: u_j=c_j Pi_j | AE22: b_j | AF22: cumulative_u_j
Z23: 2 | AA23: =PRODUCT($Z$18:$Z$18) -> 1.1118255 | AB23: =PRODUCT($AA$18:$AA$18) -> 1.2361789 | AC23: =Inputs!C85 -> 1198.0979 | AD23: =AC23*AA23 -> 1332.0757 | AE23: =AC23*(AB23/AA23-AA23) -> 0.024861295 | AF23: =AD23+AF24 -> 1888.8493
Z24: 3 | AA24: =PRODUCT($Z$17:$Z$18) -> 1.2392271 | AB24: =PRODUCT($AA$17:$AA$18) -> 1.5357392 | AC24: =Inputs!D85 -> 254.79522 | AD24: =AC24*AA24 -> 315.74913 | AE24: =AC24*(AB24/AA24-AA24) -> 0.011385901 | AF24: =AD24+AF25 -> 556.77358
Z25: 4 | AA25: =PRODUCT($Z$16:$Z$18) -> 1.399834 | AB25: =PRODUCT($AA$16:$AA$18) -> 1.9596472 | AC25: =Inputs!E85 -> 72.037457 | AD25: =AC25*AA25 -> 100.84048 | AE25: =AC25*(AB25/AA25-AA25) -> 0.0057564618 | AF25: =AD25+AF26 -> 241.02444
Z26: 5 | AA26: =PRODUCT($Z$15:$Z$18) -> 1.6232599 | AB26: =PRODUCT($AA$15:$AA$18) -> 2.6351991 | AC26: =Inputs!F85 -> 41.435278 | AD26: =AC26*AA26 -> 67.260224 | AE26: =AC26*(AB26/AA26-AA26) -> 0.0057812601 | AF26: =AD26+AF27 -> 140.18396
Z27: 6 | AA27: =PRODUCT($Z$14:$Z$18) -> 1.9450005 | AB27: =PRODUCT($AA$14:$AA$18) -> 3.7835081 | AC27: =Inputs!G85 -> 16.553572 | AD27: =AC27*AA27 -> 32.196706 | AE27: =AC27*(AB27/AA27-AA27) -> 0.0040944675 | AF27: =AD27+AF28 -> 72.923736
Z28: 7 | AA28: =PRODUCT($Z$13:$Z$18) -> 2.4098862 | AB28: =PRODUCT($AA$13:$AA$18) -> 5.8086346 | AC28: =Inputs!H85 -> 9.9690409 | AD28: =AC28*AA28 -> 24.024254 | AE28: =AC28*(AB28/AA28-AA28) -> 0.0044801913 | AF28: =AD28+AF29 -> 40.72703
Z29: 8 | AA29: =PRODUCT($Z$12:$Z$18) -> 3.1467688 | AB29: =PRODUCT($AA$12:$AA$18) -> 9.9049286 | AC29: =Inputs!I85 -> 1.6177186 | AD29: =AC29*AA29 -> 5.0905863 | AE29: =AC29*(AB29/AA29-AA29) -> 0.0014265538 | AF29: =AD29+AF30 -> 16.702776
Z30: 9 | AA30: =PRODUCT($Z$11:$Z$18) -> 4.6690137 | AB30: =PRODUCT($AA$11:$AA$18) -> 21.810018 | AC30: =Inputs!J85 -> 1.0538719 | AD30: =AC30*AA30 -> 4.9205424 | AE30: =AC30*(AB30/AA30-AA30) -> 0.0023314845 | AF30: =AD30+AF31 -> 11.612189
Z31: 10 | AA31: =PRODUCT($Z$10:$Z$18) -> 9.1448985 | AB31: =PRODUCT($AA$10:$AA$18) -> 83.716405 | AC31: =Inputs!K85 -> 0.7317355 | AD31: =AC31*AA31 -> 6.6916469 | AE31: =AC31*(AB31/AA31-AA31) -> 0.0069802567 | AF31: =AD31 -> 6.6916469

Sheet Chain Ladder
A1: Hierarchical origin-side model
A3: MAP tau from grid | B3: =Tau_Grid!B5 -> 346
A4: User override tau | B4: 0
A5: Selected tau | B5: =IF(B4="",B3,B4) -> 0
A6: Set B4 to 0 to recover the exact Chain Ladder endpoint. | B6: Selected phi is Inputs!B42 and defaults to the CC ODP Pearson estimate.
O7: Expected future cell means C_j m_ij
A8: Origin | B8: Premium | C8: Index | D8: Cumulative Index | E8: Scaled latest paid d_i | F8: Scaled S_i | G8: u_i(tau) | H8: v_i(tau) | I8: A_i | J8: R_i | K8: Reserve (actual) | L8: Posterior mean ultimate (actual) | M8: Posterior mean ultimate LR | O8: Dev 1 | P8: Dev 2 | Q8: Dev 3 | R8: Dev 4 | S8: Dev 5 | T8: Dev 6 | U8: Dev 7 | V8: Dev 8 | W8: Dev 9 | X8: Dev 10 | Z8: v_i | AA8: v_i^(2) | AB8: Scaled reserve variance | AC8: Reserve Variance
A9: Origin 1 | B9: =Inputs!L5 -> 15473558 | C9: =B9/$B$9 -> 1 | D9: =C9 -> 1 | E9: =Inputs!L58 -> 515.85792 | K9: =SUM(O9:X9)*Inputs!$B$42 -> 0 | L9: =Inputs!M5+K9 -> 11148124 | M9: =L9/B9 -> 0.72046284 | N9: Origin 1
A10: Origin 2 | B10: =Inputs!L6 -> 14882436 | C10: =B10/$B$9 -> 0.96179791 | D10: =C10+D9 -> 1.9617979 | E10: =Inputs!L59 -> 492.72453 | F10: =SUM(Inputs!J71) -> 515.12618 | G10: =1+F10+$B$5*D9 -> 516.12618 | H10: =E10+$B$5*C10 -> 492.72453 | I10: =H10/(G10-1) -> 0.9565123 | J10: =(G10+H10-1)/(G10-1) -> 1.9565123 | K10: =SUM(O10:X10)*Inputs!$B$42 -> 15125.731 | L10: =Inputs!M6+K10 -> 10663318 | M10: =L10/B10 -> 0.7165035 | N10: Origin 2 | X10: =Inputs!K85*$I$10 -> 0.699914 | Z10: =(G10+H10-1)/(G10-1) -> 1.9565123 | AA10: =((G10+H10-1)*(G10+H10-2))/((G10-1)*(G10-2)) -> 3.8315804 | AB10: =SUMPRODUCT(O10:X10,1+AD10:AM10)+SUMPRODUCT(AN10:AW10,2*AX10:BG10-O10:X10) -> 1.3740029 | AC10: =AB10*Inputs!$B$42^2 -> 6.4169847e+08 | AM10: =($H$10+1)/($G$10-2) -> 0.96031781 | AW10: =IF(X10="","",Inputs!K85*AM10-X10) -> 0.0027846267 | BG10: =IF(X10="","",X10) -> 0.699914
A11: Origin 3 | B11: =Inputs!L7 -> 14456039 | C11: =B11/$B$9 -> 0.93424144 | D11: =C11+D10 -> 2.8960393 | E11: =Inputs!L60 -> 492.14886 | F11: =SUM(Inputs!I71:I72) -> 1006.7968 | G11: =1+F11+$B$5*D10 -> 1007.7968 | H11: =E11+$B$5*C11 -> 492.14886 | I11: =H11/(G11-1) -> 0.48882638 | J11: =(G11+H11-1)/(G11-1) -> 1.4888264 | K11: =SUM(O11:X11)*Inputs!$B$42 -> 26256.923 | L11: =Inputs!M7+K11 -> 10662008 | M11: =L11/B11 -> 0.73754696 | N11: Origin 3 | W11: =Inputs!J85*$I$11 -> 0.5151604 | X11: =Inputs!K85*$I$11*$J$10 -> 0.69982805 | Z11: =(G11+H11-1)/(G11-1) -> 1.4888264 | AA11: =((G11+H11-1)*(G11+H11-2))/((G11-1)*(G11-2)) -> 2.2173276 | AB11: =SUMPRODUCT(O11:X11,1+AD11:AM11)+SUMPRODUCT(AN11:AW11,2*AX11:BG11-O11:X11) -> 2.1444894 | AC11: =AB11*Inputs!$B$42^2 -> 1.0015376e+09 | AL11: =($H$11+1)/($G$11-2) -> 0.49030663 | AM11: =AL11*($AA$10/$Z$10) -> 0.96020314 | AV11: =IF(W11="","",Inputs!J85*AL11-W11) -> 0.0015599893 | AW11: =IF(X11="","",Inputs!K85*AM11-X11) -> 0.0027866798 | BF11: =IF(W11="","",W11+BG11) -> 1.2149884 | BG11: =IF(X11="","",X11) -> 0.69982805
A12: Origin 4 | B12: =Inputs!L8 -> 14054917 | C12: =B12/$B$9 -> 0.90831838 | D12: =C12+D11 -> 3.8043577 | E12: =Inputs!L61 -> 449.96249 | F12: =SUM(Inputs!H71:H73) -> 1497.328 | G12: =1+F12+$B$5*D11 -> 1498.328 | H12: =E12+$B$5*C12 -> 449.96249 | I12: =H12/(G12-1) -> 0.30051031 | J12: =(G12+H12-1)/(G12-1) -> 1.3005103 | K12: =SUM(O12:X12)*Inputs!$B$42 -> 34538.068 | L12: =Inputs!M8+K12 -> 9758606.3 | M12: =L12/B12 -> 0.69431972 | N12: Origin 4 | V12: =Inputs!I85*$I$12 -> 0.48614111 | W12: =Inputs!J85*$I$12*$J$11 -> 0.47151039 | X12: =Inputs!K85*$I$12*$J$10*$J$11 -> 0.64053098 | Z12: =(G12+H12-1)/(G12-1) -> 1.3005103 | AA12: =((G12+H12-1)*(G12+H12-2))/((G12-1)*(G12-2)) -> 1.6915882 | AB12: =SUMPRODUCT(O12:X12,1+AD12:AM12)+SUMPRODUCT(AN12:AW12,2*AX12:BG12-O12:X12) -> 2.5275498 | AC12: =AB12*Inputs!$B$42^2 -> 1.1804377e+09 | AK12: =($H$12+1)/($G$12-2) -> 0.30137944 | AL12: =AK12*($AA$11/$Z$11) -> 0.44884814 | AM12: =AL12*($AA$10/$Z$10) -> 0.87901197 | AU12: =IF(V12="","",Inputs!I85*AK12-V12) -> 0.0014060151 | AV12: =IF(W12="","",Inputs!J85*AL12-W12) -> 0.0015180641 | AW12: =IF(X12="","",Inputs!K85*AM12-X12) -> 0.0026732856 | BE12: =IF(V12="","",V12+BF12) -> 1.5981825 | BF12: =IF(W12="","",W12+BG12) -> 1.1120414 | BG12: =IF(X12="","",X12) -> 0.64053098
A13: Origin 5 | B13: =Inputs!L9 -> 14525373 | C13: =B13/$B$9 -> 0.93872219 | D13: =C13+D12 -> 4.7430799 | E13: =Inputs!L62 -> 452.87066 | F13: =SUM(Inputs!G71:G74) -> 1937.3214 | G13: =1+F13+$B$5*D12 -> 1938.3214 | H13: =E13+$B$5*C13 -> 452.87066 | I13: =H13/(G13-1) -> 0.23376124 | J13: =(G13+H13-1)/(G13-1) -> 1.2337612 | K13: =SUM(O13:X13)*Inputs!$B$42 -> 85301.539 | L13: =Inputs!M9+K13 -> 9872217.6 | M13: =L13/B13 -> 0.67965331 | N13: Origin 5 | U13: =Inputs!H85*$I$13 -> 2.3303753 | V13: =Inputs!I85*$I$13*$J$12 -> 0.49180084 | W13: =Inputs!J85*$I$13*$J$11*$J$12 -> 0.47699979 | X13: =Inputs!K85*$I$13*$J$10*$J$11*$J$12 -> 0.64798814 | Z13: =(G13+H13-1)/(G13-1) -> 1.2337612 | AA13: =((G13+H13-1)*(G13+H13-2))/((G13-1)*(G13-2)) -> 1.5223157 | AB13: =SUMPRODUCT(O13:X13,1+AD13:AM13)+SUMPRODUCT(AN13:AW13,2*AX13:BG13-O13:X13) -> 5.479834 | AC13: =AB13*Inputs!$B$42^2 -> 2.5592385e+09 | AJ13: =($H$13+1)/($G$13-2) -> 0.23439841 | AK13: =AJ13*($AA$12/$Z$12) -> 0.30488462 | AL13: =AK13*($AA$11/$Z$11) -> 0.45406844 | AM13: =AL13*($AA$10/$Z$10) -> 0.88923526 | AT13: =IF(U13="","",Inputs!H85*AJ13-U13) -> 0.0063519496 | AU13: =IF(V13="","",Inputs!I85*AK13-V13) -> 0.0014166647 | AV13: =IF(W13="","",Inputs!J85*AL13-W13) -> 0.0015301886 | AW13: =IF(X13="","",Inputs!K85*AM13-X13) -> 0.002696863 | BD13: =IF(U13="","",U13+BE13) -> 3.9471641 | BE13: =IF(V13="","",V13+BF13) -> 1.6167888 | BF13: =IF(W13="","",W13+BG13) -> 1.1249879 | BG13: =IF(X13="","",X13) -> 0.64798814
A14: Origin 6 | B14: =Inputs!L10 -> 15025923 | C14: =B14/$B$9 -> 0.97107098 | D14: =C14+D13 -> 5.7141509 | E14: =Inputs!L63 -> 459.7578 | F14: =SUM(Inputs!F71:F75) -> 2373.6385 | G14: =1+F14+$B$5*D13 -> 2374.6385 | H14: =E14+$B$5*C14 -> 459.7578 | I14: =H14/(G14-1) -> 0.19369327 | J14: =(G14+H14-1)/(G14-1) -> 1.1936933 | K14: =SUM(O14:X14)*Inputs!$B$42 -> 156493.89 | L14: =Inputs!M10+K14 -> 10092247 | M14: =L14/B14 -> 0.67165568 | N14: Origin 6 | T14: =Inputs!G85*$I$14 -> 3.2063154 | U14: =Inputs!H85*$I$14*$J$13 -> 2.3823141 | V14: =Inputs!I85*$I$14*$J$12*$J$13 -> 0.50276196 | W14: =Inputs!J85*$I$14*$J$11*$J$12*$J$13 -> 0.48763103 | X14: =Inputs!K85*$I$14*$J$10*$J$11*$J$12*$J$13 -> 0.66243033 | Z14: =(G14+H14-1)/(G14-1) -> 1.1936933 | AA14: =((G14+H14-1)*(G14+H14-2))/((G14-1)*(G14-2)) -> 1.4250011 | AB14: =SUMPRODUCT(O14:X14,1+AD14:AM14)+SUMPRODUCT(AN14:AW14,2*AX14:BG14-O14:X14) -> 9.5592344 | AC14: =AB14*Inputs!$B$42^2 -> 4.4644347e+09 | AI14: =($H$14+1)/($G$14-2) -> 0.19419637 | AJ14: =AI14*($AA$13/$Z$13) -> 0.2396154 | AK14: =AJ14*($AA$12/$Z$12) -> 0.31167042 | AL14: =AK14*($AA$11/$Z$11) -> 0.46417463 | AM14: =AL14*($AA$10/$Z$10) -> 0.90902694 | AS14: =IF(T14="","",Inputs!G85*AI14-T14) -> 0.0083282334 | AT14: =IF(U14="","",Inputs!H85*AJ14-U14) -> 0.0064216505 | AU14: =IF(V14="","",Inputs!I85*AK14-V14) -> 0.0014330693 | AV14: =IF(W14="","",Inputs!J85*AL14-W14) -> 0.0015495751 | AW14: =IF(X14="","",Inputs!K85*AM14-X14) -> 0.0027369572 | BC14: =IF(T14="","",T14+BD14) -> 7.2414529 | BD14: =IF(U14="","",U14+BE14) -> 4.0351374 | BE14: =IF(V14="","",V14+BF14) -> 1.6528233 | BF14: =IF(W14="","",W14+BG14) -> 1.1500614 | BG14: =IF(X14="","",X14) -> 0.66243033
A15: Origin 7 | B15: =Inputs!L11 -> 14832965 | C15: =B15/$B$9 -> 0.95860079 | D15: =C15+D14 -> 6.6727517 | E15: =Inputs!L64 -> 429.50767 | F15: =SUM(Inputs!E71:E76) -> 2791.961 | G15: =1+F15+$B$5*D14 -> 2792.961 | H15: =E15+$B$5*C15 -> 429.50767 | I15: =H15/(G15-1) -> 0.15383727 | J15: =(G15+H15-1)/(G15-1) -> 1.1538373 | K15: =SUM(O15:X15)*Inputs!$B$42 -> 286120.73 | L15: =Inputs!M11+K15 -> 9568142.9 | M15: =L15/B15 -> 0.64505935 | N15: Origin 7 | S15: =Inputs!F85*$I$15 -> 6.3742901 | T15: =Inputs!G85*$I$15*$J$14 -> 3.0398072 | U15: =Inputs!H85*$I$15*$J$13*$J$14 -> 2.2585973 | V15: =Inputs!I85*$I$15*$J$12*$J$13*$J$14 -> 0.47665286 | W15: =Inputs!J85*$I$15*$J$11*$J$12*$J$13*$J$14 -> 0.46230769 | X15: =Inputs!K85*$I$15*$J$10*$J$11*$J$12*$J$13*$J$14 -> 0.62802943 | Z15: =(G15+H15-1)/(G15-1) -> 1.1538373 | AA15: =((G15+H15-1)*(G15+H15-2))/((G15-1)*(G15-2)) -> 1.331404 | AB15: =SUMPRODUCT(O15:X15,1+AD15:AM15)+SUMPRODUCT(AN15:AW15,2*AX15:BG15-O15:X15) -> 16.658408 | AC15: =AB15*Inputs!$B$42^2 -> 7.7799511e+09 | AH15: =($H$15+1)/($G$15-2) -> 0.15425069 | AI15: =AH15*($AA$14/$Z$14) -> 0.1841406 | AJ15: =AI15*($AA$13/$Z$13) -> 0.22720777 | AK15: =AJ15*($AA$12/$Z$12) -> 0.29553168 | AL15: =AK15*($AA$11/$Z$11) -> 0.44013899 | AM15: =AL15*($AA$10/$Z$10) -> 0.8619562 | AR15: =IF(S15="","",Inputs!F85*AH15-S15) -> 0.017130145 | AS15: =IF(T15="","",Inputs!G85*AI15-T15) -> 0.0083775696 | AT15: =IF(U15="","",Inputs!H85*AJ15-U15) -> 0.0064462054 | AU15: =IF(V15="","",Inputs!I85*AK15-V15) -> 0.0014342202 | AV15: =IF(W15="","",Inputs!J85*AL15-W15) -> 0.0015424252 | AW15: =IF(X15="","",Inputs!K85*AM15-X15) -> 0.0026945231 | BB15: =IF(S15="","",S15+BC15) -> 13.239685 | BC15: =IF(T15="","",T15+BD15) -> 6.8653945 | BD15: =IF(U15="","",U15+BE15) -> 3.8255873 | BE15: =IF(V15="","",V15+BF15) -> 1.56699 | BF15: =IF(W15="","",W15+BG15) -> 1.0903371 | BG15: =IF(X15="","",X15) -> 0.62802943
A16: Origin 8 | B16: =Inputs!L12 -> 14550359 | C16: =B16/$B$9 -> 0.94033698 | D16: =C16+D15 -> 7.6130887 | E16: =Inputs!L65 -> 382.04025 | F16: =SUM(Inputs!D71:D77) -> 3149.4313 | G16: =1+F16+$B$5*D15 -> 3150.4313 | H16: =E16+$B$5*C16 -> 382.04025 | I16: =H16/(G16-1) -> 0.12130452 | J16: =(G16+H16-1)/(G16-1) -> 1.1213045 | K16: =SUM(O16:X16)*Inputs!$B$42 -> 449166.73 | L16: =Inputs!M12+K16 -> 8705378.1 | M16: =L16/B16 -> 0.59829301 | N16: Origin 8 | R16: =Inputs!E85*$I$16 -> 8.7384692 | S16: =Inputs!F85*$I$16*$J$15 -> 5.7995168 | T16: =Inputs!G85*$I$16*$J$14*$J$15 -> 2.765706 | U16: =Inputs!H85*$I$16*$J$13*$J$14*$J$15 -> 2.0549383 | V16: =Inputs!I85*$I$16*$J$12*$J$13*$J$14*$J$15 -> 0.4336728 | W16: =Inputs!J85*$I$16*$J$11*$J$12*$J$13*$J$14*$J$15 -> 0.42062115 | X16: =Inputs!K85*$I$16*$J$10*$J$11*$J$12*$J$13*$J$14*$J$15 -> 0.57139966 | Z16: =(G16+H16-1)/(G16-1) -> 1.1213045 | AA16: =((G16+H16-1)*(G16+H16-2))/((G16-1)*(G16-2)) -> 1.257367 | AB16: =SUMPRODUCT(O16:X16,1+AD16:AM16)+SUMPRODUCT(AN16:AW16,2*AX16:BG16-O16:X16) -> 25.56347 | AC16: =AB16*Inputs!$B$42^2 -> 1.1938868e+10 | AG16: =($H$16+1)/($G$16-2) -> 0.12166067 | AH16: =AG16*($AA$15/$Z$15) -> 0.14038332 | AI16: =AH16*($AA$14/$Z$14) -> 0.16758608 | AJ16: =AI16*($AA$13/$Z$13) -> 0.20678145 | AK16: =AJ16*($AA$12/$Z$12) -> 0.26896293 | AL16: =AK16*($AA$11/$Z$11) -> 0.40056982 | AM16: =AL16*($AA$10/$Z$10) -> 0.78446503 | AQ16: =IF(R16="","",Inputs!E85*AG16-R16) -> 0.025655928 | AR16: =IF(S16="","",Inputs!F85*AH16-S16) -> 0.017305098 | AS16: =IF(T16="","",Inputs!G85*AI16-T16) -> 0.0084422622 | AT16: =IF(U16="","",Inputs!H85*AJ16-U16) -> 0.006474349 | AU16: =IF(V16="","",Inputs!I85*AK16-V16) -> 0.0014335234 | AV16: =IF(W16="","",Inputs!J85*AL16-W16) -> 0.001528141 | AW16: =IF(X16="","",Inputs!K85*AM16-X16) -> 0.0026212503 | BA16: =IF(R16="","",R16+BB16) -> 20.784324 | BB16: =IF(S16="","",S16+BC16) -> 12.045855 | BC16: =IF(T16="","",T16+BD16) -> 6.246338 | BD16: =IF(U16="","",U16+BE16) -> 3.480632 | BE16: =IF(V16="","",V16+BF16) -> 1.4256936 | BF16: =IF(W16="","",W16+BG16) -> 0.99202081 | BG16: =IF(X16="","",X16) -> 0.57139966
A17: Origin 9 | B17: =Inputs!L13 -> 14461781 | C17: =B17/$B$9 -> 0.93461251 | D17: =C17+D16 -> 8.5477012 | E17: =Inputs!L66 -> 353.93017 | F17: =SUM(Inputs!C71:C78) -> 3276.6763 | G17: =1+F17+$B$5*D16 -> 3277.6763 | H17: =E17+$B$5*C17 -> 353.93017 | I17: =H17/(G17-1) -> 0.10801499 | J17: =(G17+H17-1)/(G17-1) -> 1.108015 | K17: =SUM(O17:X17)*Inputs!$B$42 -> 1043242.2 | L17: =Inputs!M13+K17 -> 8691971.1 | M17: =L17/B17 -> 0.60103046 | N17: Origin 9 | Q17: =Inputs!D85*$I$17 -> 27.521704 | R17: =Inputs!E85*$I$17*$J$16 -> 8.7250113 | S17: =Inputs!F85*$I$17*$J$15*$J$16 -> 5.790585 | T17: =Inputs!G85*$I$17*$J$14*$J$15*$J$16 -> 2.7614466 | U17: =Inputs!H85*$I$17*$J$13*$J$14*$J$15*$J$16 -> 2.0517736 | V17: =Inputs!I85*$I$17*$J$12*$J$13*$J$14*$J$15*$J$16 -> 0.43300491 | W17: =Inputs!J85*$I$17*$J$11*$J$12*$J$13*$J$14*$J$15*$J$16 -> 0.41997336 | X17: =Inputs!K85*$I$17*$J$10*$J$11*$J$12*$J$13*$J$14*$J$15*$J$16 -> 0.57051966 | Z17: =(G17+H17-1)/(G17-1) -> 1.108015 | AA17: =((G17+H17-1)*(G17+H17-2))/((G17-1)*(G17-2)) -> 1.2277338 | AB17: =SUMPRODUCT(O17:X17,1+AD17:AM17)+SUMPRODUCT(AN17:AW17,2*AX17:BG17-O17:X17) -> 62.069491 | AC17: =AB17*Inputs!$B$42^2 -> 2.898822e+10 | AF17: =($H$17+1)/($G$17-2) -> 0.10835325 | AG17: =AF17*($AA$16/$Z$16) -> 0.12150116 | AH17: =AG17*($AA$15/$Z$15) -> 0.14019927 | AI17: =AH17*($AA$14/$Z$14) -> 0.16736637 | AJ17: =AI17*($AA$13/$Z$13) -> 0.20651034 | AK17: =AJ17*($AA$12/$Z$12) -> 0.2686103 | AL17: =AK17*($AA$11/$Z$11) -> 0.40004465 | AM17: =AL17*($AA$10/$Z$10) -> 0.78343655 | AP17: =IF(Q17="","",Inputs!D85*AF17-Q17) -> 0.086185842 | AQ17: =IF(R17="","",Inputs!E85*AG17-R17) -> 0.027623623 | AR17: =IF(S17="","",Inputs!F85*AH17-S17) -> 0.018610647 | AS17: =IF(T17="","",Inputs!G85*AI17-T17) -> 0.0090646107 | AT17: =IF(U17="","",Inputs!H85*AJ17-U17) -> 0.0069364937 | AU17: =IF(V17="","",Inputs!I85*AK17-V17) -> 0.001530966 | AV17: =IF(W17="","",Inputs!J85*AL17-W17) -> 0.0016224705 | AW17: =IF(X17="","",Inputs!K85*AM17-X17) -> 0.0027486787 | AZ17: =IF(Q17="","",Q17+BA17) -> 48.274018 | BA17: =IF(R17="","",R17+BB17) -> 20.752314 | BB17: =IF(S17="","",S17+BC17) -> 12.027303 | BC17: =IF(T17="","",T17+BD17) -> 6.2367181 | BD17: =IF(U17="","",U17+BE17) -> 3.4752715 | BE17: =IF(V17="","",V17+BF17) -> 1.4234979 | BF17: =IF(W17="","",W17+BG17) -> 0.99049302 | BG17: =IF(X17="","",X17) -> 0.57051966
A18: Origin 10 | B18: =Inputs!L14 -> 15210363 | C18: =B18/$B$9 -> 0.98299063 | D18: =C18+D17 -> 9.5306918 | E18: =Inputs!L67 -> 262.62596 | F18: =SUM(Inputs!B71:B79) -> 2432.5086 | G18: =1+F18+$B$5*D17 -> 2433.5086 | H18: =E18+$B$5*C18 -> 262.62596 | I18: =H18/(G18-1) -> 0.10796507 | J18: =(G18+H18-1)/(G18-1) -> 1.1079651 | K18: =SUM(O18:X18)*Inputs!$B$42 -> 3950814.8 | L18: =Inputs!M14+K18 -> 9626383 | M18: =L18/B18 -> 0.63288319 | N18: Origin 10 | P18: =Inputs!C85*$I$18 -> 129.35272 | Q18: =Inputs!D85*$I$18*$J$17 -> 30.480366 | R18: =Inputs!E85*$I$18*$J$16*$J$17 -> 9.6629751 | S18: =Inputs!F85*$I$18*$J$15*$J$16*$J$17 -> 6.4130896 | T18: =Inputs!G85*$I$18*$J$14*$J$15*$J$16*$J$17 -> 3.0583101 | U18: =Inputs!H85*$I$18*$J$13*$J$14*$J$15*$J$16*$J$17 -> 2.2723451 | V18: =Inputs!I85*$I$18*$J$12*$J$13*$J$14*$J$15*$J$16*$J$17 -> 0.47955418 | W18: =Inputs!J85*$I$18*$J$11*$J$12*$J$13*$J$14*$J$15*$J$16*$J$17 -> 0.4651217 | X18: =Inputs!K85*$I$18*$J$10*$J$11*$J$12*$J$13*$J$14*$J$15*$J$16*$J$17 -> 0.63185216 | Z18: =(G18+H18-1)/(G18-1) -> 1.1079651 | AA18: =((G18+H18-1)*(G18+H18-2))/((G18-1)*(G18-2)) -> 1.2276358 | AB18: =SUMPRODUCT(O18:X18,1+AD18:AM18)+SUMPRODUCT(AN18:AW18,2*AX18:BG18-O18:X18) -> 345.96282 | AC18: =AB18*Inputs!$B$42^2 -> 1.6157449e+11 | AE18: =($H$18+1)/($G$18-2) -> 0.10842074 | AF18: =AE18*($AA$17/$Z$17) -> 0.12013538 | AG18: =AF18*($AA$16/$Z$16) -> 0.13471298 | AH18: =AG18*($AA$15/$Z$15) -> 0.15544428 | AI18: =AH18*($AA$14/$Z$14) -> 0.18556548 | AJ18: =AI18*($AA$13/$Z$13) -> 0.2289659 | AK18: =AJ18*($AA$12/$Z$12) -> 0.29781849 | AL18: =AK18*($AA$11/$Z$11) -> 0.44354477 | AM18: =AL18*($AA$10/$Z$10) -> 0.86862599 | AO18: =IF(P18="","",Inputs!C85*AE18-P18) -> 0.54593702 | AP18: =IF(Q18="","",Inputs!D85*AF18-Q18) -> 0.12955423 | AQ18: =IF(R18="","",Inputs!E85*AG18-R18) -> 0.041405098 | AR18: =IF(S18="","",Inputs!F85*AH18-S18) -> 0.027787262 | AS18: =IF(T18="","",Inputs!G85*AI18-T18) -> 0.013461408 | AT18: =IF(U18="","",Inputs!H85*AJ18-U18) -> 0.010225247 | AU18: =IF(V18="","",Inputs!I85*AK18-V18) -> 0.0022323178 | AV18: =IF(W18="","",Inputs!J85*AL18-W18) -> 0.0023176749 | AW18: =IF(X18="","",Inputs!K85*AM18-X18) -> 0.0037523101 | AY18: =IF(P18="","",P18+AZ18) -> 182.81633 | AZ18: =IF(Q18="","",Q18+BA18) -> 53.463614 | BA18: =IF(R18="","",R18+BB18) -> 22.983248 | BB18: =IF(S18="","",S18+BC18) -> 13.320273 | BC18: =IF(T18="","",T18+BD18) -> 6.9071833 | BD18: =IF(U18="","",U18+BE18) -> 3.8488732 | BE18: =IF(V18="","",V18+BF18) -> 1.5765281 | BF18: =IF(W18="","",W18+BG18) -> 1.0969739 | BG18: =IF(X18="","",X18) -> 0.63185216
A20: Total | B20: =SUM(B9:B18) -> 1.4747372e+08 | E20: =SUM(E9:E18) -> 4291.4263 | K20: =SUM(K9:K18) -> 6047060.6 | L20: =SUM(L9:L18) -> 98788395 | M20: =L20/B20 -> 0.6698712 | AB20: =SUMPRODUCT(AC23:AC31,AB23:AB31-AA23:AA31)+SUMPRODUCT(AE23:AE31,2*AF23:AF31-AD23:AD31) -> 581.51527 | AC20: =AB20*Inputs!$B$42^2 -> 2.7158419e+11
Z22: Dev age | AA22: Pi_j | AB22: Pi_j^(2) | AC22: c_j | AD22: u_j=c_j Pi_j | AE22: b_j | AF22: cumulative_u_j
Z23: 2 | AA23: =PRODUCT($Z$18:$Z$18) -> 1.1079651 | AB23: =PRODUCT($AA$18:$AA$18) -> 1.2276358 | AC23: =Inputs!C85 -> 1198.0979 | AD23: =AC23*AA23 -> 1327.4506 | AE23: =AC23*(AB23/AA23-AA23) -> 0.053198545 | AF23: =AD23+AF24 -> 1876.1078
Z24: 3 | AA24: =PRODUCT($Z$17:$Z$18) -> 1.2276419 | AB24: =PRODUCT($AA$17:$AA$18) -> 1.5072099 | AC24: =Inputs!D85 -> 254.79522 | AD24: =AC24*AA24 -> 312.79729 | AE24: =AC24*(AB24/AA24-AA24) -> 0.021844895 | AF24: =AD24+AF25 -> 548.65723
Z25: 4 | AA25: =PRODUCT($Z$16:$Z$18) -> 1.3765604 | AB25: =PRODUCT($AA$16:$AA$18) -> 1.8951161 | AC25: =Inputs!E85 -> 72.037457 | AD25: =AC25*AA25 -> 99.163913 | AE25: =AC25*(AB25/AA25-AA25) -> 0.01033289 | AF25: =AD25+AF26 -> 235.85995
Z26: 5 | AA26: =PRODUCT($Z$15:$Z$18) -> 1.5883267 | AB26: =PRODUCT($AA$15:$AA$18) -> 2.5231652 | AC26: =Inputs!F85 -> 41.435278 | AD26: =AC26*AA26 -> 65.812759 | AE26: =AC26*(AB26/AA26-AA26) -> 0.010001957 | AF26: =AD26+AF27 -> 136.69603
Z27: 6 | AA27: =PRODUCT($Z$14:$Z$18) -> 1.8959749 | AB27: =PRODUCT($AA$14:$AA$18) -> 3.5955131 | AC27: =Inputs!G85 -> 16.553572 | AD27: =AC27*AA27 -> 31.385157 | AE27: =AC27*(AB27/AA27-AA27) -> 0.0069165347 | AF27: =AD27+AF28 -> 70.883275
Z28: 7 | AA28: =PRODUCT($Z$13:$Z$18) -> 2.3391804 | AB28: =PRODUCT($AA$13:$AA$18) -> 5.4735062 | AC28: =Inputs!H85 -> 9.9690409 | AD28: =AC28*AA28 -> 23.319385 | AE28: =AC28*(AB28/AA28-AA28) -> 0.0074213531 | AF28: =AD28+AF29 -> 39.498117
Z29: 8 | AA29: =PRODUCT($Z$12:$Z$18) -> 3.0421282 | AB29: =PRODUCT($AA$12:$AA$18) -> 9.2589187 | AC29: =Inputs!I85 -> 1.6177186 | AD29: =AC29*AA29 -> 4.9213072 | AE29: =AC29*(AB29/AA29-AA29) -> 0.0023264141 | AF29: =AD29+AF30 -> 16.178733
Z30: 9 | AA30: =PRODUCT($Z$11:$Z$18) -> 4.5292007 | AB30: =PRODUCT($AA$11:$AA$18) -> 20.530056 | AC30: =Inputs!J85 -> 1.0538719 | AD30: =AC30*AA30 -> 4.7731974 | AE30: =AC30*(AB30/AA30-AA30) -> 0.0038152874 | AF30: =AD30+AF31 -> 11.257425
Z31: 10 | AA31: =PRODUCT($Z$10:$Z$18) -> 8.8614368 | AB31: =PRODUCT($AA$10:$AA$18) -> 78.662559 | AC31: =Inputs!K85 -> 0.7317355 | AD31: =AC31*AA31 -> 6.4842279 | AE31: =AC31*(AB31/AA31-AA31) -> 0.011353769 | AF31: =AD31 -> 6.4842279

Sheet Cape Cod
A1: Hierarchical origin-side model
A3: MAP tau from grid | B3: =Tau_Grid!B5 -> 346
A4: User override tau | B4: 1000000000000
A5: Selected tau | B5: =IF(B4="",B3,B4) -> 1000000000000
A6: Set B4 to 0 to recover the exact Chain Ladder endpoint. | B6: Selected phi is Inputs!B42 and defaults to the CC ODP Pearson estimate.
O7: Expected future cell means C_j m_ij
A8: Origin | B8: Premium | C8: Index | D8: Cumulative Index | E8: Scaled latest paid d_i | F8: Scaled S_i | G8: u_i(tau) | H8: v_i(tau) | I8: A_i | J8: R_i | K8: Reserve (actual) | L8: Posterior mean ultimate (actual) | M8: Posterior mean ultimate LR | O8: Dev 1 | P8: Dev 2 | Q8: Dev 3 | R8: Dev 4 | S8: Dev 5 | T8: Dev 6 | U8: Dev 7 | V8: Dev 8 | W8: Dev 9 | X8: Dev 10 | Z8: v_i | AA8: v_i^(2) | AB8: Scaled reserve variance | AC8: Reserve Variance
A9: Origin 1 | B9: =Inputs!L5 -> 15473558 | C9: =B9/$B$9 -> 1 | D9: =C9 -> 1 | E9: =Inputs!L58 -> 515.85792 | K9: =SUM(O9:X9)*Inputs!$B$42 -> 0 | L9: =Inputs!M5+K9 -> 11148124 | M9: =L9/B9 -> 0.72046284 | N9: Origin 1
A10: Origin 2 | B10: =Inputs!L6 -> 14882436 | C10: =B10/$B$9 -> 0.96179791 | D10: =C10+D9 -> 1.9617979 | E10: =Inputs!L59 -> 492.72453 | F10: =SUM(Inputs!J71) -> 515.12618 | G10: =1+F10+$B$5*D9 -> 1e+12 | H10: =E10+$B$5*C10 -> 9.6179791e+11 | I10: =H10/(G10-1) -> 0.96179791 | J10: =(G10+H10-1)/(G10-1) -> 1.9617979 | K10: =SUM(O10:X10)*Inputs!$B$42 -> 15209.314 | L10: =Inputs!M6+K10 -> 10663401 | M10: =L10/B10 -> 0.71650912 | N10: Origin 2 | X10: =Inputs!K85*$I$10 -> 0.70378167 | Z10: =(G10+H10-1)/(G10-1) -> 1.9617979 | AA10: =((G10+H10-1)*(G10+H10-2))/((G10-1)*(G10-2)) -> 3.848651 | AB10: =SUMPRODUCT(O10:X10,1+AD10:AM10)+SUMPRODUCT(AN10:AW10,2*AX10:BG10-O10:X10) -> 1.3806774 | AC10: =AB10*Inputs!$B$42^2 -> 6.4481567e+08 | AM10: =($H$10+1)/($G$10-2) -> 0.96179791 | AW10: =IF(X10="","",Inputs!K85*AM10-X10) -> 1.4354073e-12 | BG10: =IF(X10="","",X10) -> 0.70378167
A11: Origin 3 | B11: =Inputs!L7 -> 14456039 | C11: =B11/$B$9 -> 0.93424144 | D11: =C11+D10 -> 2.8960393 | E11: =Inputs!L60 -> 492.14886 | F11: =SUM(Inputs!I71:I72) -> 1006.7968 | G11: =1+F11+$B$5*D10 -> 1.9617979e+12 | H11: =E11+$B$5*C11 -> 9.3424144e+11 | I11: =H11/(G11-1) -> 0.47621696 | J11: =(G11+H11-1)/(G11-1) -> 1.476217 | K11: =SUM(O11:X11)*Inputs!$B$42 -> 25619.422 | L11: =Inputs!M7+K11 -> 10661370 | M11: =L11/B11 -> 0.73750286 | N11: Origin 3 | W11: =Inputs!J85*$I$11 -> 0.50187168 | X11: =Inputs!K85*$I$11*$J$10 -> 0.68361762 | Z11: =(G11+H11-1)/(G11-1) -> 1.476217 | AA11: =((G11+H11-1)*(G11+H11-2))/((G11-1)*(G11-2)) -> 2.1792165 | AB11: =SUMPRODUCT(O11:X11,1+AD11:AM11)+SUMPRODUCT(AN11:AW11,2*AX11:BG11-O11:X11) -> 2.063153 | AC11: =AB11*Inputs!$B$42^2 -> 9.6355121e+08 | AL11: =($H$11+1)/($G$11-2) -> 0.47621696 | AM11: =AL11*($AA$10/$Z$10) -> 0.93424144 | AV11: =IF(W11="","",Inputs!J85*AL11-W11) -> 7.9303231e-13 | AW11: =IF(X11="","",Inputs!K85*AM11-X11) -> 1.4154233e-12 | BF11: =IF(W11="","",W11+BG11) -> 1.1854893 | BG11: =IF(X11="","",X11) -> 0.68361762
A12: Origin 4 | B12: =Inputs!L8 -> 14054917 | C12: =B12/$B$9 -> 0.90831838 | D12: =C12+D11 -> 3.8043577 | E12: =Inputs!L61 -> 449.96249 | F12: =SUM(Inputs!H71:H73) -> 1497.328 | G12: =1+F12+$B$5*D11 -> 2.8960393e+12 | H12: =E12+$B$5*C12 -> 9.0831838e+11 | I12: =H12/(G12-1) -> 0.31364159 | J12: =(G12+H12-1)/(G12-1) -> 1.3136416 | K12: =SUM(O12:X12)*Inputs!$B$42 -> 35873.533 | L12: =Inputs!M8+K12 -> 9759941.7 | M12: =L12/B12 -> 0.69441474 | N12: Origin 4 | V12: =Inputs!I85*$I$12 -> 0.50738382 | W12: =Inputs!J85*$I$12*$J$11 -> 0.48794589 | X12: =Inputs!K85*$I$12*$J$10*$J$11 -> 0.6646488 | Z12: =(G12+H12-1)/(G12-1) -> 1.3136416 | AA12: =((G12+H12-1)*(G12+H12-2))/((G12-1)*(G12-2)) -> 1.7256542 | AB12: =SUMPRODUCT(O12:X12,1+AD12:AM12)+SUMPRODUCT(AN12:AW12,2*AX12:BG12-O12:X12) -> 2.6487483 | AC12: =AB12*Inputs!$B$42^2 -> 1.2370409e+09 | AK12: =($H$12+1)/($G$12-2) -> 0.31364159 | AL12: =AK12*($AA$11/$Z$11) -> 0.46300303 | AM12: =AL12*($AA$10/$Z$10) -> 0.90831838 | AU12: =IF(V12="","",Inputs!I85*AK12-V12) -> 7.3385742e-13 | AV12: =IF(W12="","",Inputs!J85*AL12-W12) -> 7.8576035e-13 | AW12: =IF(X12="","",Inputs!K85*AM12-X12) -> 1.3962165e-12 | BE12: =IF(V12="","",V12+BF12) -> 1.6599785 | BF12: =IF(W12="","",W12+BG12) -> 1.1525947 | BG12: =IF(X12="","",X12) -> 0.6646488
A13: Origin 5 | B13: =Inputs!L9 -> 14525373 | C13: =B13/$B$9 -> 0.93872219 | D13: =C13+D12 -> 4.7430799 | E13: =Inputs!L62 -> 452.87066 | F13: =SUM(Inputs!G71:G74) -> 1937.3214 | G13: =1+F13+$B$5*D12 -> 3.8043577e+12 | H13: =E13+$B$5*C13 -> 9.3872219e+11 | I13: =H13/(G13-1) -> 0.24674919 | J13: =(G13+H13-1)/(G13-1) -> 1.2467492 | K13: =SUM(O13:X13)*Inputs!$B$42 -> 90233.804 | L13: =Inputs!M9+K13 -> 9877149.9 | M13: =L13/B13 -> 0.67999287 | N13: Origin 5 | U13: =Inputs!H85*$I$13 -> 2.4598528 | V13: =Inputs!I85*$I$13*$J$12 -> 0.5243673 | W13: =Inputs!J85*$I$13*$J$11*$J$12 -> 0.50427873 | X13: =Inputs!K85*$I$13*$J$10*$J$11*$J$12 -> 0.68689635 | Z13: =(G13+H13-1)/(G13-1) -> 1.2467492 | AA13: =((G13+H13-1)*(G13+H13-2))/((G13-1)*(G13-2)) -> 1.5543835 | AB13: =SUMPRODUCT(O13:X13,1+AD13:AM13)+SUMPRODUCT(AN13:AW13,2*AX13:BG13-O13:X13) -> 5.838433 | AC13: =AB13*Inputs!$B$42^2 -> 2.7267145e+09 | AJ13: =($H$13+1)/($G$13-2) -> 0.24674919 | AK13: =AJ13*($AA$12/$Z$12) -> 0.32414 | AL13: =AK13*($AA$11/$Z$11) -> 0.47850096 | AM13: =AL13*($AA$10/$Z$10) -> 0.93872219 | AT13: =IF(U13="","",Inputs!H85*AJ13-U13) -> 3.2671643e-12 | AU13: =IF(V13="","",Inputs!I85*AK13-V13) -> 7.397416e-13 | AV13: =IF(W13="","",Inputs!J85*AL13-W13) -> 7.9414253e-13 | AW13: =IF(X13="","",Inputs!K85*AM13-X13) -> 1.418532e-12 | BD13: =IF(U13="","",U13+BE13) -> 4.1753952 | BE13: =IF(V13="","",V13+BF13) -> 1.7155424 | BF13: =IF(W13="","",W13+BG13) -> 1.1911751 | BG13: =IF(X13="","",X13) -> 0.68689635
A14: Origin 6 | B14: =Inputs!L10 -> 15025923 | C14: =B14/$B$9 -> 0.97107098 | D14: =C14+D13 -> 5.7141509 | E14: =Inputs!L63 -> 459.7578 | F14: =SUM(Inputs!F71:F75) -> 2373.6385 | G14: =1+F14+$B$5*D13 -> 4.7430799e+12 | H14: =E14+$B$5*C14 -> 9.7107098e+11 | I14: =H14/(G14-1) -> 0.20473426 | J14: =(G14+H14-1)/(G14-1) -> 1.2047343 | K14: =SUM(O14:X14)*Inputs!$B$42 -> 166584.25 | L14: =Inputs!M10+K14 -> 10102337 | M14: =L14/B14 -> 0.67232721 | N14: Origin 6 | T14: =Inputs!G85*$I$14 -> 3.3890834 | U14: =Inputs!H85*$I$14*$J$13 -> 2.5446204 | V14: =Inputs!I85*$I$14*$J$12*$J$13 -> 0.54243723 | W14: =Inputs!J85*$I$14*$J$11*$J$12*$J$13 -> 0.5216564 | X14: =Inputs!K85*$I$14*$J$10*$J$11*$J$12*$J$13 -> 0.71056711 | Z14: =(G14+H14-1)/(G14-1) -> 1.2047343 | AA14: =((G14+H14-1)*(G14+H14-2))/((G14-1)*(G14-2)) -> 1.4513846 | AB14: =SUMPRODUCT(O14:X14,1+AD14:AM14)+SUMPRODUCT(AN14:AW14,2*AX14:BG14-O14:X14) -> 10.181857 | AC14: =AB14*Inputs!$B$42^2 -> 4.7552171e+09 | AI14: =($H$14+1)/($G$14-2) -> 0.20473426 | AJ14: =AI14*($AA$13/$Z$13) -> 0.25525228 | AK14: =AJ14*($AA$12/$Z$12) -> 0.33531001 | AL14: =AK14*($AA$11/$Z$11) -> 0.49499032 | AM14: =AL14*($AA$10/$Z$10) -> 0.97107098 | AS14: =IF(T14="","",Inputs!G85*AI14-T14) -> 4.2041925e-12 | AT14: =IF(U14="","",Inputs!H85*AJ14-U14) -> 3.2898129e-12 | AU14: =IF(V14="","",Inputs!I85*AK14-V14) -> 7.4595885e-13 | AV14: =IF(W14="","",Inputs!J85*AL14-W14) -> 8.0302431e-13 | AW14: =IF(X14="","",Inputs!K85*AM14-X14) -> 1.4424018e-12 | BC14: =IF(T14="","",T14+BD14) -> 7.7083645 | BD14: =IF(U14="","",U14+BE14) -> 4.3192811 | BE14: =IF(V14="","",V14+BF14) -> 1.7746607 | BF14: =IF(W14="","",W14+BG14) -> 1.2322235 | BG14: =IF(X14="","",X14) -> 0.71056711
A15: Origin 7 | B15: =Inputs!L11 -> 14832965 | C15: =B15/$B$9 -> 0.95860079 | D15: =C15+D14 -> 6.6727517 | E15: =Inputs!L64 -> 429.50767 | F15: =SUM(Inputs!E71:E76) -> 2791.961 | G15: =1+F15+$B$5*D14 -> 5.7141509e+12 | H15: =E15+$B$5*C15 -> 9.5860079e+11 | I15: =H15/(G15-1) -> 0.1677591 | J15: =(G15+H15-1)/(G15-1) -> 1.1677591 | K15: =SUM(O15:X15)*Inputs!$B$42 -> 314665.11 | L15: =Inputs!M11+K15 -> 9596687.3 | M15: =L15/B15 -> 0.64698374 | N15: Origin 7 | S15: =Inputs!F85*$I$15 -> 6.9511448 | T15: =Inputs!G85*$I$15*$J$14 -> 3.3455618 | U15: =Inputs!H85*$I$15*$J$13*$J$14 -> 2.5119432 | V15: =Inputs!I85*$I$15*$J$12*$J$13*$J$14 -> 0.53547142 | W15: =Inputs!J85*$I$15*$J$11*$J$12*$J$13*$J$14 -> 0.51495745 | X15: =Inputs!K85*$I$15*$J$10*$J$11*$J$12*$J$13*$J$14 -> 0.70144223 | Z15: =(G15+H15-1)/(G15-1) -> 1.1677591 | AA15: =((G15+H15-1)*(G15+H15-2))/((G15-1)*(G15-2)) -> 1.3636613 | AB15: =SUMPRODUCT(O15:X15,1+AD15:AM15)+SUMPRODUCT(AN15:AW15,2*AX15:BG15-O15:X15) -> 18.137011 | AC15: =AB15*Inputs!$B$42^2 -> 8.4705007e+09 | AH15: =($H$15+1)/($G$15-2) -> 0.1677591 | AI15: =AH15*($AA$14/$Z$14) -> 0.20210513 | AJ15: =AI15*($AA$13/$Z$13) -> 0.25197441 | AK15: =AJ15*($AA$12/$Z$12) -> 0.33100406 | AL15: =AK15*($AA$11/$Z$11) -> 0.48863381 | AM15: =AL15*($AA$10/$Z$10) -> 0.95860079 | AR15: =IF(S15="","",Inputs!F85*AH15-S15) -> 8.4678931e-12 | AS15: =IF(T15="","",Inputs!G85*AI15-T15) -> 4.1957549e-12 | AT15: =IF(U15="","",Inputs!H85*AJ15-U15) -> 3.2809311e-12 | AU15: =IF(V15="","",Inputs!I85*AK15-V15) -> 7.4351636e-13 | AV15: =IF(W15="","",Inputs!J85*AL15-W15) -> 7.9958262e-13 | AW15: =IF(X15="","",Inputs!K85*AM15-X15) -> 1.4331869e-12 | BB15: =IF(S15="","",S15+BC15) -> 14.560521 | BC15: =IF(T15="","",T15+BD15) -> 7.6093761 | BD15: =IF(U15="","",U15+BE15) -> 4.2638143 | BE15: =IF(V15="","",V15+BF15) -> 1.7518711 | BF15: =IF(W15="","",W15+BG15) -> 1.2163997 | BG15: =IF(X15="","",X15) -> 0.70144223
A16: Origin 8 | B16: =Inputs!L12 -> 14550359 | C16: =B16/$B$9 -> 0.94033698 | D16: =C16+D15 -> 7.6130887 | E16: =Inputs!L65 -> 382.04025 | F16: =SUM(Inputs!D71:D77) -> 3149.4313 | G16: =1+F16+$B$5*D15 -> 6.6727517e+12 | H16: =E16+$B$5*C16 -> 9.4033698e+11 | I16: =H16/(G16-1) -> 0.14092192 | J16: =(G16+H16-1)/(G16-1) -> 1.1409219 | K16: =SUM(O16:X16)*Inputs!$B$42 -> 528055.78 | L16: =Inputs!M12+K16 -> 8784267.1 | M16: =L16/B16 -> 0.6037148 | N16: Origin 8 | R16: =Inputs!E85*$I$16 -> 10.151657 | S16: =Inputs!F85*$I$16*$J$15 -> 6.8187076 | T16: =Inputs!G85*$I$16*$J$14*$J$15 -> 3.2818203 | U16: =Inputs!H85*$I$16*$J$13*$J$14*$J$15 -> 2.4640842 | V16: =Inputs!I85*$I$16*$J$12*$J$13*$J$14*$J$15 -> 0.52526931 | W16: =Inputs!J85*$I$16*$J$11*$J$12*$J$13*$J$14*$J$15 -> 0.50514619 | X16: =Inputs!K85*$I$16*$J$10*$J$11*$J$12*$J$13*$J$14*$J$15 -> 0.68807795 | Z16: =(G16+H16-1)/(G16-1) -> 1.1409219 | AA16: =((G16+H16-1)*(G16+H16-2))/((G16-1)*(G16-2)) -> 1.3017028 | AB16: =SUMPRODUCT(O16:X16,1+AD16:AM16)+SUMPRODUCT(AN16:AW16,2*AX16:BG16-O16:X16) -> 29.306859 | AC16: =AB16*Inputs!$B$42^2 -> 1.3687138e+10 | AG16: =($H$16+1)/($G$16-2) -> 0.14092192 | AH16: =AG16*($AA$15/$Z$15) -> 0.16456285 | AI16: =AH16*($AA$14/$Z$14) -> 0.19825451 | AJ16: =AI16*($AA$13/$Z$13) -> 0.24717365 | AK16: =AJ16*($AA$12/$Z$12) -> 0.32469758 | AL16: =AK16*($AA$11/$Z$11) -> 0.47932408 | AM16: =AL16*($AA$10/$Z$10) -> 0.94033698 | AQ16: =IF(R16="","",Inputs!E85*AG16-R16) -> 1.2319035e-11 | AR16: =IF(S16="","",Inputs!F85*AH16-S16) -> 8.4474649e-12 | AS16: =IF(T16="","",Inputs!G85*AI16-T16) -> 4.1837644e-12 | AT16: =IF(U16="","",Inputs!H85*AJ16-U16) -> 3.2698289e-12 | AU16: =IF(V16="","",Inputs!I85*AK16-V16) -> 7.4029671e-13 | AV16: =IF(W16="","",Inputs!J85*AL16-W16) -> 7.9503071e-13 | AW16: =IF(X16="","",Inputs!K85*AM16-X16) -> 1.4201973e-12 | BA16: =IF(R16="","",R16+BB16) -> 24.434762 | BB16: =IF(S16="","",S16+BC16) -> 14.283106 | BC16: =IF(T16="","",T16+BD16) -> 7.4643979 | BD16: =IF(U16="","",U16+BE16) -> 4.1825777 | BE16: =IF(V16="","",V16+BF16) -> 1.7184934 | BF16: =IF(W16="","",W16+BG16) -> 1.1932241 | BG16: =IF(X16="","",X16) -> 0.68807795
A17: Origin 9 | B17: =Inputs!L13 -> 14461781 | C17: =B17/$B$9 -> 0.93461251 | D17: =C17+D16 -> 8.5477012 | E17: =Inputs!L66 -> 353.93017 | F17: =SUM(Inputs!C71:C78) -> 3276.6763 | G17: =1+F17+$B$5*D16 -> 7.6130887e+12 | H17: =E17+$B$5*C17 -> 9.3461251e+11 | I17: =H17/(G17-1) -> 0.12276391 | J17: =(G17+H17-1)/(G17-1) -> 1.1227639 | K17: =SUM(O17:X17)*Inputs!$B$42 -> 1200820.8 | L17: =Inputs!M13+K17 -> 8849549.8 | M17: =L17/B17 -> 0.61192668 | N17: Origin 9 | Q17: =Inputs!D85*$I$17 -> 31.279656 | R17: =Inputs!E85*$I$17*$J$16 -> 10.089857 | S17: =Inputs!F85*$I$17*$J$15*$J$16 -> 6.7771975 | T17: =Inputs!G85*$I$17*$J$14*$J$15*$J$16 -> 3.2618416 | U17: =Inputs!H85*$I$17*$J$13*$J$14*$J$15*$J$16 -> 2.4490837 | V17: =Inputs!I85*$I$17*$J$12*$J$13*$J$14*$J$15*$J$16 -> 0.52207164 | W17: =Inputs!J85*$I$17*$J$11*$J$12*$J$13*$J$14*$J$15*$J$16 -> 0.50207102 | X17: =Inputs!K85*$I$17*$J$10*$J$11*$J$12*$J$13*$J$14*$J$15*$J$16 -> 0.68388915 | Z17: =(G17+H17-1)/(G17-1) -> 1.1227639 | AA17: =((G17+H17-1)*(G17+H17-2))/((G17-1)*(G17-2)) -> 1.2605988 | AB17: =SUMPRODUCT(O17:X17,1+AD17:AM17)+SUMPRODUCT(AN17:AW17,2*AX17:BG17-O17:X17) -> 64.218639 | AC17: =AB17*Inputs!$B$42^2 -> 2.9991933e+10 | AF17: =($H$17+1)/($G$17-2) -> 0.12276391 | AG17: =AF17*($AA$16/$Z$16) -> 0.14006403 | AH17: =AG17*($AA$15/$Z$15) -> 0.16356105 | AI17: =AH17*($AA$14/$Z$14) -> 0.1970476 | AJ17: =AI17*($AA$13/$Z$13) -> 0.24566894 | AK17: =AJ17*($AA$12/$Z$12) -> 0.32272093 | AL17: =AK17*($AA$11/$Z$11) -> 0.47640611 | AM17: =AL17*($AA$10/$Z$10) -> 0.93461251 | AP17: =IF(Q17="","",Inputs!D85*AF17-Q17) -> 3.7577053e-11 | AQ17: =IF(R17="","",Inputs!E85*AG17-R17) -> 1.2308377e-11 | AR17: =IF(S17="","",Inputs!F85*AH17-S17) -> 8.4385832e-12 | AS17: =IF(T17="","",Inputs!G85*AI17-T17) -> 4.1779913e-12 | AT17: =IF(U17="","",Inputs!H85*AJ17-U17) -> 3.265388e-12 | AU17: =IF(V17="","",Inputs!I85*AK17-V17) -> 7.3918649e-13 | AV17: =IF(W17="","",Inputs!J85*AL17-W17) -> 7.9325435e-13 | AW17: =IF(X17="","",Inputs!K85*AM17-X17) -> 1.4160895e-12 | AZ17: =IF(Q17="","",Q17+BA17) -> 55.565668 | BA17: =IF(R17="","",R17+BB17) -> 24.286011 | BB17: =IF(S17="","",S17+BC17) -> 14.196155 | BC17: =IF(T17="","",T17+BD17) -> 7.4189571 | BD17: =IF(U17="","",U17+BE17) -> 4.1571155 | BE17: =IF(V17="","",V17+BF17) -> 1.7080318 | BF17: =IF(W17="","",W17+BG17) -> 1.1859602 | BG17: =IF(X17="","",X17) -> 0.68388915
A18: Origin 10 | B18: =Inputs!L14 -> 15210363 | C18: =B18/$B$9 -> 0.98299063 | D18: =C18+D17 -> 9.5306918 | E18: =Inputs!L67 -> 262.62596 | F18: =SUM(Inputs!B71:B79) -> 2432.5086 | G18: =1+F18+$B$5*D17 -> 8.5477012e+12 | H18: =E18+$B$5*C18 -> 9.8299063e+11 | I18: =H18/(G18-1) -> 0.11500058 | J18: =(G18+H18-1)/(G18-1) -> 1.1150006 | K18: =SUM(O18:X18)*Inputs!$B$42 -> 4240562.6 | L18: =Inputs!M14+K18 -> 9916130.7 | M18: =L18/B18 -> 0.65193256 | N18: Origin 10 | P18: =Inputs!C85*$I$18 -> 137.78195 | Q18: =Inputs!D85*$I$18*$J$17 -> 32.898777 | R18: =Inputs!E85*$I$18*$J$16*$J$17 -> 10.612136 | S18: =Inputs!F85*$I$18*$J$15*$J$16*$J$17 -> 7.1280039 | T18: =Inputs!G85*$I$18*$J$14*$J$15*$J$16*$J$17 -> 3.4306835 | U18: =Inputs!H85*$I$18*$J$13*$J$14*$J$15*$J$16*$J$17 -> 2.575855 | V18: =Inputs!I85*$I$18*$J$12*$J$13*$J$14*$J$15*$J$16*$J$17 -> 0.54909551 | W18: =Inputs!J85*$I$18*$J$11*$J$12*$J$13*$J$14*$J$15*$J$16*$J$17 -> 0.5280596 | X18: =Inputs!K85*$I$18*$J$10*$J$11*$J$12*$J$13*$J$14*$J$15*$J$16*$J$17 -> 0.71928914 | Z18: =(G18+H18-1)/(G18-1) -> 1.1150006 | AA18: =((G18+H18-1)*(G18+H18-2))/((G18-1)*(G18-2)) -> 1.2432263 | AB18: =SUMPRODUCT(O18:X18,1+AD18:AM18)+SUMPRODUCT(AN18:AW18,2*AX18:BG18-O18:X18) -> 221.64082 | AC18: =AB18*Inputs!$B$42^2 -> 1.0351257e+11 | AE18: =($H$18+1)/($G$18-2) -> 0.11500058 | AF18: =AE18*($AA$17/$Z$17) -> 0.12911851 | AG18: =AF18*($AA$16/$Z$16) -> 0.14731413 | AH18: =AG18*($AA$15/$Z$15) -> 0.17202742 | AI18: =AH18*($AA$14/$Z$14) -> 0.20724733 | AJ18: =AI18*($AA$13/$Z$13) -> 0.25838544 | AK18: =AJ18*($AA$12/$Z$12) -> 0.33942585 | AL18: =AK18*($AA$11/$Z$11) -> 0.5010662 | AM18: =AL18*($AA$10/$Z$10) -> 0.98299063 | AO18: =IF(P18="","",Inputs!C85*AE18-P18) -> 1.5626256e-10 | AP18: =IF(Q18="","",Inputs!D85*AF18-Q18) -> 3.7793768e-11 | AQ18: =IF(R18="","",Inputs!E85*AG18-R18) -> 1.2386536e-11 | AR18: =IF(S18="","",Inputs!F85*AH18-S18) -> 8.5016438e-12 | AS18: =IF(T18="","",Inputs!G85*AI18-T18) -> 4.2144066e-12 | AT18: =IF(U18="","",Inputs!H85*AJ18-U18) -> 3.2995828e-12 | AU18: =IF(V18="","",Inputs!I85*AK18-V18) -> 7.4851236e-13 | AV18: =IF(W18="","",Inputs!J85*AL18-W18) -> 8.0668805e-13 | AW18: =IF(X18="","",Inputs!K85*AM18-X18) -> 1.4512835e-12 | AY18: =IF(P18="","",P18+AZ18) -> 196.22385 | AZ18: =IF(Q18="","",Q18+BA18) -> 58.4419 | BA18: =IF(R18="","",R18+BB18) -> 25.543122 | BB18: =IF(S18="","",S18+BC18) -> 14.930987 | BC18: =IF(T18="","",T18+BD18) -> 7.8029828 | BD18: =IF(U18="","",U18+BE18) -> 4.3722992 | BE18: =IF(V18="","",V18+BF18) -> 1.7964442 | BF18: =IF(W18="","",W18+BG18) -> 1.2473487 | BG18: =IF(X18="","",X18) -> 0.71928914
A20: Total | B20: =SUM(B9:B18) -> 1.4747372e+08 | E20: =SUM(E9:E18) -> 4291.4263 | K20: =SUM(K9:K18) -> 6617624.7 | L20: =SUM(L9:L18) -> 99358959 | M20: =L20/B20 -> 0.67374012 | AB20: =SUMPRODUCT(AC23:AC31,AB23:AB31-AA23:AA31)+SUMPRODUCT(AE23:AE31,2*AF23:AF31-AD23:AD31) -> 486.8074 | AC20: =AB20*Inputs!$B$42^2 -> 2.2735292e+11
Z22: Dev age | AA22: Pi_j | AB22: Pi_j^(2) | AC22: c_j | AD22: u_j=c_j Pi_j | AE22: b_j | AF22: cumulative_u_j
Z23: 2 | AA23: =PRODUCT($Z$18:$Z$18) -> 1.1150006 | AB23: =PRODUCT($AA$18:$AA$18) -> 1.2432263 | AC23: =Inputs!C85 -> 1198.0979 | AD23: =AC23*AA23 -> 1335.8798 | AE23: =AC23*(AB23/AA23-AA23) -> 1.6227901e-11 | AF23: =AD23+AF24 -> 1902.5096
Z24: 3 | AA24: =PRODUCT($Z$17:$Z$18) -> 1.2518824 | AB24: =PRODUCT($AA$17:$AA$18) -> 1.5672096 | AC24: =Inputs!D85 -> 254.79522 | AD24: =AC24*AA24 -> 318.97365 | AE24: =AC24*(AB24/AA24-AA24) -> 8.4863855e-12 | AF24: =AD24+AF25 -> 566.62975
Z25: 4 | AA25: =PRODUCT($Z$16:$Z$18) -> 1.4283001 | AB25: =PRODUCT($AA$16:$AA$18) -> 2.0400411 | AC25: =Inputs!E85 -> 72.037457 | AD25: =AC25*AA25 -> 102.89111 | AE25: =AC25*(AB25/AA25-AA25) -> 4.6706944e-12 | AF25: =AD25+AF26 -> 247.6561
Z26: 5 | AA26: =PRODUCT($Z$15:$Z$18) -> 1.6679104 | AB26: =PRODUCT($AA$15:$AA$18) -> 2.7819252 | AC26: =Inputs!F85 -> 41.435278 | AD26: =AC26*AA26 -> 69.110332 | AE26: =AC26*(AB26/AA26-AA26) -> 4.8578534e-12 | AF26: =AD26+AF27 -> 144.76499
Z27: 6 | AA27: =PRODUCT($Z$14:$Z$18) -> 2.0093888 | AB27: =PRODUCT($AA$14:$AA$18) -> 4.0376435 | AC27: =Inputs!G85 -> 16.553572 | AD27: =AC27*AA27 -> 33.262563 | AE27: =AC27*(AB27/AA27-AA27) -> 3.5433086e-12 | AF27: =AD27+AF28 -> 75.654662
Z28: 7 | AA28: =PRODUCT($Z$13:$Z$18) -> 2.5052039 | AB28: =PRODUCT($AA$13:$AA$18) -> 6.2760466 | AC28: =Inputs!H85 -> 9.9690409 | AD28: =AC28*AA28 -> 24.97448 | AE28: =AC28*(AB28/AA28-AA28) -> 3.9578663e-12 | AF28: =AD28+AF29 -> 42.392099
Z29: 8 | AA29: =PRODUCT($Z$12:$Z$18) -> 3.29094 | AB29: =PRODUCT($AA$12:$AA$18) -> 10.830286 | AC29: =Inputs!I85 -> 1.6177186 | AD29: =AC29*AA29 -> 5.3238148 | AE29: =AC29*(AB29/AA29-AA29) -> 1.2830827e-12 | AF29: =AD29+AF30 -> 17.417619
Z30: 9 | AA30: =PRODUCT($Z$11:$Z$18) -> 4.8581415 | AB30: =PRODUCT($AA$11:$AA$18) -> 23.601539 | AC30: =Inputs!J85 -> 1.0538719 | AD30: =AC30*AA30 -> 5.1198589 | AE30: =AC30*(AB30/AA30-AA30) -> 2.0732982e-12 | AF30: =AD30+AF31 -> 12.093804
Z31: 10 | AA31: =PRODUCT($Z$10:$Z$18) -> 9.5306918 | AB31: =PRODUCT($AA$10:$AA$18) -> 90.834086 | AC31: =Inputs!K85 -> 0.7317355 | AD31: =AC31*AA31 -> 6.9739455 | AE31: =AC31*(AB31/AA31-AA31) -> 6.2495507e-12 | AF31: =AD31 -> 6.9739455
